patient_id,true_disease,hpo_terms,difficulty
P_marfan_000,Marfan syndrome,HP:0000098|HP:0000545|HP:0000767|HP:0000768|HP:0001083|HP:0001166|HP:0001382|HP:0001653|HP:0001659|HP:0001763|HP:0002616|HP:0002650|HP:0002705|HP:0002816|HP:0004933|HP:0005294|HP:0007807,easy
P_marfan_001,Marfan syndrome,HP:0000098|HP:0000268|HP:0000541|HP:0000767|HP:0000768|HP:0001166|HP:0001382|HP:0001519|HP:0001653|HP:0001659|HP:0001763|HP:0002107|HP:0002647|HP:0002705|HP:0004933|HP:0005294,easy
P_marfan_002,Marfan syndrome,HP:0000545|HP:0000767|HP:0000768|HP:0001083|HP:0001166|HP:0001263|HP:0001519|HP:0001634|HP:0001659|HP:0002650|HP:0002705|HP:0004933,easy
P_marfan_003,Marfan syndrome,HP:0000545|HP:0000767|HP:0001065|HP:0001083|HP:0001166|HP:0001519|HP:0001659|HP:0001763|HP:0002616|HP:0002650|HP:0002705|HP:0004933|HP:0005294|HP:0007807,easy
P_marfan_004,Marfan syndrome,HP:0000098|HP:0000268|HP:0000545|HP:0000767|HP:0001065|HP:0001083|HP:0001166|HP:0001382|HP:0001519|HP:0001634|HP:0001763|HP:0002616|HP:0002647|HP:0002650|HP:0002705|HP:0004933|HP:0005294|HP:0007807,easy
P_marfan_005,Marfan syndrome,HP:0000098|HP:0000268|HP:0000767|HP:0000768|HP:0001065|HP:0001083|HP:0001166|HP:0001382|HP:0001519|HP:0001659|HP:0001763|HP:0002616|HP:0002705|HP:0004933|HP:0005294|HP:0007807,easy
P_marfan_006,Marfan syndrome,HP:0000268|HP:0000272|HP:0000767|HP:0000768|HP:0001083|HP:0001166|HP:0001519|HP:0001653|HP:0001763|HP:0002616|HP:0002650|HP:0002705,easy
P_marfan_007,Marfan syndrome,HP:0000098|HP:0000545|HP:0001166|HP:0001382|HP:0001519|HP:0001659|HP:0001763|HP:0002616|HP:0002650|HP:0002705|HP:0004933|HP:0005294|HP:0007807,easy
P_marfan_008,Marfan syndrome,HP:0000098|HP:0000268|HP:0000545|HP:0001065|HP:0001166|HP:0001382|HP:0001519|HP:0001659|HP:0001763|HP:0002616|HP:0002647|HP:0002705,easy
P_marfan_009,Marfan syndrome,HP:0000098|HP:0000541|HP:0000545|HP:0000767|HP:0000768|HP:0001065|HP:0001083|HP:0001166|HP:0001634|HP:0001653|HP:0001763|HP:0002616|HP:0002647|HP:0002705|HP:0004933|HP:0005294|HP:0007807,easy
P_marfan_010,Marfan syndrome,HP:0000098|HP:0000268|HP:0000272|HP:0000545|HP:0000767|HP:0000768|HP:0001065|HP:0001166|HP:0001382|HP:0001519|HP:0001653|HP:0001659|HP:0002647|HP:0002650|HP:0002705|HP:0004933|HP:0007807,easy
P_marfan_011,Marfan syndrome,HP:0000098|HP:0000272|HP:0000767|HP:0000768|HP:0001166|HP:0001382|HP:0001519|HP:0001653|HP:0001659|HP:0001763|HP:0002616|HP:0002647|HP:0002705|HP:0004933|HP:0005294,easy
P_marfan_012,Marfan syndrome,HP:0000098|HP:0000545|HP:0000768|HP:0001065|HP:0001083|HP:0001166|HP:0001382|HP:0001519|HP:0001653|HP:0001659|HP:0002616|HP:0002650|HP:0002705|HP:0005294|HP:0007807,easy
P_marfan_013,Marfan syndrome,HP:0000098|HP:0000268|HP:0001166|HP:0001382|HP:0001519|HP:0002616|HP:0002647|HP:0002650|HP:0002705|HP:0002816|HP:0004933|HP:0005294|HP:0007807,easy
P_marfan_014,Marfan syndrome,HP:0000098|HP:0000268|HP:0000272|HP:0000767|HP:0001065|HP:0001083|HP:0001382|HP:0001519|HP:0001763|HP:0002616|HP:0002650|HP:0002705|HP:0004933|HP:0005294|HP:0007807,easy
P_marfan_015,Marfan syndrome,HP:0000098|HP:0000268|HP:0000272|HP:0000541|HP:0000545|HP:0001065|HP:0001166|HP:0001382|HP:0001519|HP:0001634|HP:0001653|HP:0001763|HP:0002650|HP:0005294|HP:0007807,easy
P_marfan_016,Marfan syndrome,HP:0000098|HP:0000768|HP:0001065|HP:0001083|HP:0001382|HP:0001519|HP:0001634|HP:0002650|HP:0004933|HP:0007807,easy
P_marfan_017,Marfan syndrome,HP:0000098|HP:0000268|HP:0001083|HP:0001166|HP:0001382|HP:0001519|HP:0001634|HP:0002616|HP:0002647|HP:0002650|HP:0004933|HP:0007807,easy
P_marfan_018,Marfan syndrome,HP:0000098|HP:0000268|HP:0000545|HP:0001083|HP:0001166|HP:0001382|HP:0001519|HP:0001634|HP:0001763|HP:0002616|HP:0002647|HP:0002650|HP:0002705|HP:0004933|HP:0007807,easy
P_marfan_019,Marfan syndrome,HP:0000098|HP:0000767|HP:0001065|HP:0001083|HP:0001166|HP:0001519|HP:0001653|HP:0001763|HP:0002616|HP:0002647|HP:0002650|HP:0002705|HP:0002816|HP:0004933|HP:0007807,easy
P_marfan_020,Marfan syndrome,HP:0000545|HP:0000767|HP:0000768|HP:0001065|HP:0001083|HP:0001166|HP:0001519|HP:0001634|HP:0001653|HP:0001659|HP:0001763|HP:0002616|HP:0002647|HP:0002816|HP:0004933|HP:0007807,easy
P_marfan_021,Marfan syndrome,HP:0000098|HP:0001083|HP:0001166|HP:0001519|HP:0001634|HP:0001659|HP:0001763|HP:0002616|HP:0002816|HP:0004933|HP:0007807,easy
P_marfan_022,Marfan syndrome,HP:0000098|HP:0000268|HP:0000767|HP:0001065|HP:0001083|HP:0001166|HP:0001519|HP:0001659|HP:0002616|HP:0002647|HP:0002650|HP:0002705|HP:0005294|HP:0007807,easy
P_marfan_023,Marfan syndrome,HP:0000098|HP:0000268|HP:0000545|HP:0000767|HP:0000768|HP:0001083|HP:0001166|HP:0001519|HP:0001653|HP:0001763|HP:0002616|HP:0002647|HP:0002650|HP:0002705|HP:0004933|HP:0005294,easy
P_marfan_024,Marfan syndrome,HP:0000098|HP:0000268|HP:0000768|HP:0001065|HP:0001083|HP:0001166|HP:0001382|HP:0001519|HP:0002616|HP:0002650|HP:0002705|HP:0004933|HP:0005294|HP:0007807,easy
P_marfan_025,Marfan syndrome,HP:0000268|HP:0000272|HP:0000545|HP:0000768|HP:0001083|HP:0001166|HP:0001382|HP:0001519|HP:0001763|HP:0002616|HP:0002650|HP:0004933|HP:0007807,easy
P_marfan_026,Marfan syndrome,HP:0000098|HP:0001083|HP:0001166|HP:0001519|HP:0001653|HP:0001763|HP:0002616|HP:0002650|HP:0002705|HP:0002816|HP:0004933|HP:0005294|HP:0007807,easy
P_marfan_027,Marfan syndrome,HP:0000098|HP:0000768|HP:0001065|HP:0001166|HP:0001382|HP:0001519|HP:0002616|HP:0002705|HP:0004933|HP:0005294|HP:0007807,easy
P_marfan_028,Marfan syndrome,HP:0000098|HP:0000268|HP:0000545|HP:0000767|HP:0001065|HP:0001083|HP:0001166|HP:0001382|HP:0001519|HP:0001659|HP:0002616|HP:0004933|HP:0005294|HP:0007807,easy
P_marfan_029,Marfan syndrome,HP:0000098|HP:0000272|HP:0000545|HP:0000767|HP:0001065|HP:0001083|HP:0001166|HP:0001382|HP:0001519|HP:0001634|HP:0002616|HP:0002650|HP:0002705|HP:0004933,hard
P_marfan_030,Marfan syndrome,HP:0000098|HP:0000268|HP:0000545|HP:0001065|HP:0001083|HP:0001166|HP:0001382|HP:0001519|HP:0001634|HP:0001653|HP:0002616|HP:0002647|HP:0002650|HP:0004933|HP:0005294|HP:0007807,easy
P_marfan_031,Marfan syndrome,HP:0000098|HP:0000268|HP:0000545|HP:0000767|HP:0001083|HP:0001166|HP:0001519|HP:0001634|HP:0001659|HP:0001763|HP:0002616|HP:0002647|HP:0002705|HP:0004933,easy
P_marfan_032,Marfan syndrome,HP:0000098|HP:0000545|HP:0000767|HP:0000768|HP:0001065|HP:0001166|HP:0001382|HP:0001519|HP:0001634|HP:0001763|HP:0002616|HP:0002650|HP:0002705|HP:0004933|HP:0005294|HP:0007807,hard
P_marfan_033,Marfan syndrome,HP:0000098|HP:0001065|HP:0001083|HP:0001166|HP:0001382|HP:0001519|HP:0001653|HP:0002616|HP:0002705|HP:0007807,easy
P_marfan_034,Marfan syndrome,HP:0000098|HP:0000268|HP:0000767|HP:0001519|HP:0001653|HP:0001659|HP:0002616|HP:0002647|HP:0002705|HP:0004933|HP:0005294|HP:0007807,easy
P_marfan_035,Marfan syndrome,HP:0000098|HP:0000268|HP:0000768|HP:0001065|HP:0001083|HP:0001166|HP:0001382|HP:0001763|HP:0002616|HP:0002647|HP:0002650|HP:0002705|HP:0004933|HP:0005294|HP:0007807,easy
P_marfan_036,Marfan syndrome,HP:0000098|HP:0000268|HP:0000768|HP:0001083|HP:0001166|HP:0001519|HP:0001634|HP:0001659|HP:0002650|HP:0005294|HP:0007807,easy
P_marfan_037,Marfan syndrome,HP:0000098|HP:0000268|HP:0000767|HP:0001065|HP:0001083|HP:0001166|HP:0001382|HP:0001519|HP:0001659|HP:0001763|HP:0002107|HP:0002647|HP:0002650|HP:0002705|HP:0007807,easy
P_marfan_038,Marfan syndrome,HP:0000098|HP:0001166|HP:0001519|HP:0001653|HP:0002616|HP:0002647|HP:0002650|HP:0002816|HP:0004933|HP:0005294,easy
P_marfan_039,Marfan syndrome,HP:0000098|HP:0000268|HP:0000767|HP:0001065|HP:0001166|HP:0001382|HP:0001519|HP:0001763|HP:0002616|HP:0002705|HP:0005294|HP:0007807,easy
P_marfan_040,Marfan syndrome,HP:0000268|HP:0000272|HP:0000541|HP:0000545|HP:0000767|HP:0001065|HP:0001083|HP:0001166|HP:0001382|HP:0001519|HP:0001634|HP:0001659|HP:0001763|HP:0002650|HP:0002705|HP:0004933|HP:0005294|HP:0007807,easy
P_marfan_041,Marfan syndrome,HP:0000272|HP:0001166|HP:0001382|HP:0001519|HP:0001653|HP:0001763|HP:0002107|HP:0002616|HP:0002647|HP:0004933|HP:0005294|HP:0007807,easy
P_marfan_042,Marfan syndrome,HP:0000098|HP:0000268|HP:0001166|HP:0001634|HP:0001653|HP:0001659|HP:0001763|HP:0002107|HP:0002647|HP:0002650|HP:0004933|HP:0005294|HP:0007807,easy
P_marfan_043,Marfan syndrome,HP:0000098|HP:0000268|HP:0000768|HP:0001083|HP:0001382|HP:0001519|HP:0001634|HP:0001763|HP:0002616|HP:0002647|HP:0002650|HP:0002705|HP:0005294|HP:0007807,easy
P_marfan_044,Marfan syndrome,HP:0000545|HP:0000768|HP:0001083|HP:0001166|HP:0001519|HP:0001634|HP:0001653|HP:0001659|HP:0001763|HP:0002616|HP:0002647|HP:0002705|HP:0004933|HP:0005294,easy
P_marfan_045,Marfan syndrome,HP:0000098|HP:0000768|HP:0001166|HP:0001382|HP:0001519|HP:0001763|HP:0002616|HP:0002647|HP:0002650|HP:0005294|HP:0007807,easy
P_marfan_046,Marfan syndrome,HP:0000098|HP:0000272|HP:0000545|HP:0000768|HP:0001166|HP:0001382|HP:0001653|HP:0002650|HP:0002705|HP:0004933|HP:0007807,easy
P_marfan_047,Marfan syndrome,HP:0000098|HP:0000545|HP:0000767|HP:0000768|HP:0001065|HP:0001083|HP:0001166|HP:0001382|HP:0001519|HP:0001634|HP:0001763|HP:0002616|HP:0002650|HP:0002705|HP:0004933|HP:0005294|HP:0007807,hard
P_marfan_048,Marfan syndrome,HP:0000098|HP:0000268|HP:0000545|HP:0000768|HP:0001166|HP:0001763|HP:0002616|HP:0002647|HP:0002650|HP:0002705|HP:0004933|HP:0007807,easy
P_marfan_049,Marfan syndrome,HP:0000268|HP:0000545|HP:0000768|HP:0001166|HP:0001634|HP:0001763|HP:0002616|HP:0002705|HP:0004933|HP:0005294|HP:0007807,easy
P_marfan_050,Marfan syndrome,HP:0000098|HP:0000541|HP:0000545|HP:0000767|HP:0001065|HP:0001083|HP:0001166|HP:0001519|HP:0001634|HP:0001763|HP:0002107|HP:0002616|HP:0002647|HP:0002705|HP:0004933|HP:0005294|HP:0007807,easy
P_marfan_051,Marfan syndrome,HP:0000098|HP:0000268|HP:0000767|HP:0001166|HP:0001382|HP:0001519|HP:0001634|HP:0001659|HP:0001763|HP:0002616|HP:0004933|HP:0005294|HP:0007807,easy
P_marfan_052,Marfan syndrome,HP:0000098|HP:0000767|HP:0001065|HP:0001083|HP:0001166|HP:0001382|HP:0001519|HP:0001763|HP:0002616|HP:0002647|HP:0002705|HP:0004933|HP:0005294|HP:0007807,easy
P_marfan_053,Marfan syndrome,HP:0000268|HP:0000272|HP:0000767|HP:0000768|HP:0001065|HP:0001166|HP:0001382|HP:0001653|HP:0002616|HP:0002650|HP:0002705|HP:0002816|HP:0005294|HP:0007807,easy
P_marfan_054,Marfan syndrome,HP:0000098|HP:0000268|HP:0000545|HP:0000768|HP:0001065|HP:0001083|HP:0001166|HP:0001382|HP:0001653|HP:0001659|HP:0002616|HP:0002650|HP:0002705|HP:0004933|HP:0005294|HP:0007807,easy
P_marfan_055,Marfan syndrome,HP:0000272|HP:0001083|HP:0001166|HP:0001382|HP:0001519|HP:0001653|HP:0002616|HP:0002647|HP:0002650|HP:0002705|HP:0005294,easy
P_marfan_056,Marfan syndrome,HP:0000098|HP:0000767|HP:0001083|HP:0001166|HP:0001382|HP:0001519|HP:0001634|HP:0001653|HP:0001659|HP:0001763|HP:0002616|HP:0002650|HP:0002705,hard
P_marfan_057,Marfan syndrome,HP:0000098|HP:0000268|HP:0000272|HP:0000545|HP:0001083|HP:0001166|HP:0001382|HP:0001634|HP:0001763|HP:0002616|HP:0002647|HP:0002650|HP:0002705|HP:0004933|HP:0007807,easy
P_marfan_058,Marfan syndrome,HP:0000098|HP:0000768|HP:0001166|HP:0001382|HP:0001519|HP:0001634|HP:0001763|HP:0002616|HP:0002650|HP:0002705|HP:0004933,hard
P_marfan_059,Marfan syndrome,HP:0000098|HP:0000268|HP:0000767|HP:0000768|HP:0001166|HP:0001519|HP:0001634|HP:0001653|HP:0001659|HP:0001763|HP:0002616|HP:0002650|HP:0002705|HP:0004933|HP:0007807,hard
P_marfan_060,Marfan syndrome,HP:0000268|HP:0000272|HP:0000767|HP:0001065|HP:0001083|HP:0001166|HP:0001519|HP:0001653|HP:0001763|HP:0002616|HP:0002650|HP:0002705|HP:0004933|HP:0007807,easy
P_marfan_061,Marfan syndrome,HP:0000098|HP:0000272|HP:0000545|HP:0000768|HP:0001065|HP:0001166|HP:0001519|HP:0001653|HP:0001763|HP:0002705|HP:0004933|HP:0007807,easy
P_marfan_062,Marfan syndrome,HP:0000098|HP:0000272|HP:0000545|HP:0000767|HP:0000768|HP:0001083|HP:0001166|HP:0001382|HP:0001519|HP:0001763|HP:0002647|HP:0002705|HP:0004933,easy
P_marfan_063,Marfan syndrome,HP:0000098|HP:0000268|HP:0000272|HP:0000545|HP:0000768|HP:0001083|HP:0001166|HP:0001382|HP:0002616|HP:0002647|HP:0002650|HP:0002705|HP:0002816|HP:0004933|HP:0005294,easy
P_marfan_064,Marfan syndrome,HP:0000098|HP:0000272|HP:0000767|HP:0001065|HP:0001083|HP:0001166|HP:0001382|HP:0001519|HP:0002107|HP:0002616|HP:0002650|HP:0002705|HP:0002816|HP:0004933|HP:0005294,easy
P_marfan_065,Marfan syndrome,HP:0000098|HP:0000541|HP:0000545|HP:0000767|HP:0000768|HP:0001065|HP:0001166|HP:0001382|HP:0001519|HP:0001634|HP:0001653|HP:0002616|HP:0002647|HP:0002650|HP:0002705|HP:0004933|HP:0005294|HP:0007807,hard
P_marfan_066,Marfan syndrome,HP:0000098|HP:0000268|HP:0000545|HP:0001166|HP:0001519|HP:0001634|HP:0001659|HP:0002616|HP:0002705|HP:0004933|HP:0007807,easy
P_marfan_067,Marfan syndrome,HP:0000098|HP:0000272|HP:0000541|HP:0000767|HP:0000768|HP:0001065|HP:0001166|HP:0001382|HP:0001519|HP:0001634|HP:0001763|HP:0002616|HP:0002705|HP:0002816|HP:0004933|HP:0007807,easy
P_marfan_068,Marfan syndrome,HP:0000098|HP:0000268|HP:0000272|HP:0001065|HP:0001083|HP:0001519|HP:0002616|HP:0002647|HP:0002650|HP:0004933|HP:0005294|HP:0007807,easy
P_marfan_069,Marfan syndrome,HP:0000268|HP:0000272|HP:0000768|HP:0001166|HP:0001519|HP:0002616|HP:0002647|HP:0002650|HP:0004933|HP:0005294|HP:0007807,easy
P_marfan_070,Marfan syndrome,HP:0000098|HP:0000268|HP:0001065|HP:0001083|HP:0001166|HP:0001659|HP:0001763|HP:0002107|HP:0002616|HP:0002705|HP:0005294|HP:0007807,easy
P_marfan_071,Marfan syndrome,HP:0000098|HP:0000268|HP:0000767|HP:0001065|HP:0001166|HP:0001634|HP:0001653|HP:0001659|HP:0002616|HP:0002987|HP:0004933|HP:0005294|HP:0007807,easy
P_marfan_072,Marfan syndrome,HP:0000098|HP:0000541|HP:0000545|HP:0000768|HP:0001382|HP:0001634|HP:0001653|HP:0001659|HP:0002616|HP:0002647|HP:0004933|HP:0005294|HP:0007807,easy
P_marfan_073,Marfan syndrome,HP:0000098|HP:0000768|HP:0001065|HP:0001166|HP:0001519|HP:0002107|HP:0002647|HP:0002650|HP:0002705|HP:0004933|HP:0007807,easy
P_marfan_074,Marfan syndrome,HP:0000098|HP:0000545|HP:0000768|HP:0001065|HP:0001083|HP:0001382|HP:0001519|HP:0001653|HP:0001659|HP:0002616|HP:0002650|HP:0004933|HP:0005294|HP:0006380,easy
P_marfan_075,Marfan syndrome,HP:0000272|HP:0000545|HP:0000767|HP:0000768|HP:0001083|HP:0001166|HP:0001382|HP:0001653|HP:0001763|HP:0002107|HP:0002616|HP:0002650|HP:0004933|HP:0005294|HP:0007807,easy
P_marfan_076,Marfan syndrome,HP:0000098|HP:0000268|HP:0000545|HP:0000767|HP:0001065|HP:0001083|HP:0001166|HP:0001382|HP:0001519|HP:0001634|HP:0001653|HP:0002616|HP:0002816|HP:0004933|HP:0005294,easy
P_marfan_077,Marfan syndrome,HP:0000098|HP:0000268|HP:0000545|HP:0001065|HP:0001083|HP:0001166|HP:0001519|HP:0002616|HP:0002705|HP:0005294,easy
P_marfan_078,Marfan syndrome,HP:0000268|HP:0000545|HP:0000767|HP:0001065|HP:0001166|HP:0001763|HP:0002650|HP:0002705|HP:0004933|HP:0200041,easy
P_marfan_079,Marfan syndrome,HP:0000098|HP:0000268|HP:0000272|HP:0000767|HP:0000768|HP:0001065|HP:0001083|HP:0001166|HP:0001519|HP:0001653|HP:0001763|HP:0002616|HP:0002647|HP:0002705|HP:0004933|HP:0005294,easy
P_marfan_080,Marfan syndrome,HP:0000098|HP:0000268|HP:0000545|HP:0000767|HP:0000768|HP:0001065|HP:0001083|HP:0001166|HP:0001763|HP:0002616|HP:0002650|HP:0002705|HP:0007807,easy
P_marfan_081,Marfan syndrome,HP:0000098|HP:0000268|HP:0000272|HP:0000767|HP:0001065|HP:0001166|HP:0001519|HP:0001659|HP:0002647|HP:0002705|HP:0002816|HP:0004933|HP:0005294|HP:0007807,easy
P_marfan_082,Marfan syndrome,HP:0000098|HP:0000268|HP:0000272|HP:0000545|HP:0001083|HP:0001382|HP:0001519|HP:0001634|HP:0001659|HP:0001763|HP:0002650|HP:0004933|HP:0005294,easy
P_marfan_083,Marfan syndrome,HP:0000098|HP:0000545|HP:0000767|HP:0000768|HP:0001083|HP:0001382|HP:0001519|HP:0001763|HP:0002616|HP:0002647|HP:0002650|HP:0002705|HP:0004933|HP:0007807,easy
P_marfan_084,Marfan syndrome,HP:0000098|HP:0000268|HP:0000545|HP:0000767|HP:0000768|HP:0001083|HP:0001166|HP:0001382|HP:0001519|HP:0001634|HP:0001653|HP:0001763|HP:0002107|HP:0002616|HP:0002647|HP:0002650|HP:0002705|HP:0004933|HP:0007807,hard
P_marfan_085,Marfan syndrome,HP:0000098|HP:0000268|HP:0000545|HP:0001065|HP:0001382|HP:0001519|HP:0001634|HP:0001653|HP:0002616|HP:0002647|HP:0004933|HP:0007807,easy
P_marfan_086,Marfan syndrome,HP:0000098|HP:0000545|HP:0000767|HP:0000768|HP:0001065|HP:0001083|HP:0001166|HP:0001382|HP:0001519|HP:0001634|HP:0001763|HP:0002616|HP:0002647|HP:0002650|HP:0007807,hard
P_marfan_087,Marfan syndrome,HP:0000098|HP:0000268|HP:0000272|HP:0000541|HP:0000545|HP:0000767|HP:0001065|HP:0001083|HP:0001166|HP:0001382|HP:0001519|HP:0001763|HP:0002616|HP:0002647|HP:0002650|HP:0004933,easy
P_marfan_088,Marfan syndrome,HP:0000098|HP:0000268|HP:0001065|HP:0001083|HP:0001166|HP:0001382|HP:0001634|HP:0001653|HP:0001659|HP:0001763|HP:0002616|HP:0002647|HP:0002650|HP:0002705|HP:0004933|HP:0005294|HP:0007807,easy
P_marfan_089,Marfan syndrome,HP:0000098|HP:0000272|HP:0000545|HP:0001065|HP:0001083|HP:0001166|HP:0001382|HP:0001519|HP:0001634|HP:0001763|HP:0002616|HP:0002650|HP:0007807,hard
P_marfan_090,Marfan syndrome,HP:0000098|HP:0000268|HP:0000272|HP:0000545|HP:0001166|HP:0001382|HP:0001519|HP:0001634|HP:0001653|HP:0001659|HP:0001763|HP:0002616|HP:0002647|HP:0002650|HP:0002705|HP:0004933|HP:0005294|HP:0007807,easy
P_marfan_091,Marfan syndrome,HP:0000545|HP:0000767|HP:0000768|HP:0001065|HP:0001083|HP:0001166|HP:0001763|HP:0002616|HP:0002650|HP:0004933|HP:0005294,easy
P_marfan_092,Marfan syndrome,HP:0000545|HP:0000768|HP:0001065|HP:0001083|HP:0001166|HP:0001634|HP:0001763|HP:0002616|HP:0002647|HP:0002705|HP:0005294,easy
P_marfan_093,Marfan syndrome,HP:0000098|HP:0000541|HP:0000545|HP:0001083|HP:0001166|HP:0001382|HP:0001634|HP:0001653|HP:0001763|HP:0002616|HP:0002650|HP:0002705|HP:0007807,easy
P_marfan_094,Marfan syndrome,HP:0000098|HP:0000767|HP:0001065|HP:0001083|HP:0001166|HP:0001382|HP:0001519|HP:0001634|HP:0001763|HP:0002616|HP:0002647|HP:0002650|HP:0002705|HP:0004933|HP:0005294|HP:0007807,easy
P_marfan_095,Marfan syndrome,HP:0000098|HP:0000268|HP:0000272|HP:0000767|HP:0001065|HP:0001083|HP:0001166|HP:0001653|HP:0001763|HP:0002616|HP:0002650|HP:0002705|HP:0002816|HP:0004933|HP:0005294|HP:0007807,easy
P_marfan_096,Marfan syndrome,HP:0000098|HP:0000767|HP:0001065|HP:0001083|HP:0001166|HP:0001382|HP:0001519|HP:0001634|HP:0001653|HP:0001763|HP:0002616|HP:0002647|HP:0002705|HP:0004933|HP:0005294|HP:0007807,hard
P_marfan_097,Marfan syndrome,HP:0000098|HP:0000272|HP:0000767|HP:0001065|HP:0001166|HP:0001519|HP:0001634|HP:0001763|HP:0002616|HP:0004933|HP:0005294|HP:0007807,easy
P_marfan_098,Marfan syndrome,HP:0000098|HP:0000268|HP:0000545|HP:0000767|HP:0001065|HP:0001083|HP:0001166|HP:0001382|HP:0001519|HP:0001634|HP:0001763|HP:0002616|HP:0002650|HP:0002705|HP:0004933|HP:0005294|HP:0007807,hard
P_marfan_099,Marfan syndrome,HP:0000098|HP:0000545|HP:0000768|HP:0001065|HP:0001083|HP:0001166|HP:0001382|HP:0001519|HP:0001653|HP:0001763|HP:0002107|HP:0002616|HP:0002650|HP:0002705|HP:0004933|HP:0005294|HP:0007807,easy
P_marfan_100,Marfan syndrome,HP:0000098|HP:0000272|HP:0001065|HP:0001083|HP:0001166|HP:0001519|HP:0001634|HP:0001653|HP:0001659|HP:0002616|HP:0002647|HP:0002650|HP:0002705|HP:0007807,easy
P_marfan_101,Marfan syndrome,HP:0000098|HP:0000545|HP:0000767|HP:0000768|HP:0001065|HP:0001083|HP:0001166|HP:0001382|HP:0001519|HP:0002647|HP:0002650|HP:0002705|HP:0002816|HP:0004933,easy
P_marfan_102,Marfan syndrome,HP:0000098|HP:0000767|HP:0000768|HP:0001083|HP:0001166|HP:0001519|HP:0001634|HP:0001653|HP:0001659|HP:0001763|HP:0002616|HP:0002650|HP:0002705|HP:0004933|HP:0005294|HP:0007807,easy
P_marfan_103,Marfan syndrome,HP:0000098|HP:0000268|HP:0000541|HP:0000545|HP:0000767|HP:0000768|HP:0001065|HP:0001634|HP:0001659|HP:0002616|HP:0002650|HP:0002705|HP:0004933|HP:0005294|HP:0007807,easy
P_marfan_104,Marfan syndrome,HP:0000098|HP:0001083|HP:0001166|HP:0001519|HP:0001659|HP:0001763|HP:0002616|HP:0002647|HP:0002650|HP:0002705|HP:0004933|HP:0007807,easy
P_marfan_105,Marfan syndrome,HP:0000098|HP:0000272|HP:0000545|HP:0000767|HP:0001065|HP:0001083|HP:0001166|HP:0001634|HP:0001763|HP:0002650|HP:0002705|HP:0004933|HP:0007807,easy
P_marfan_106,Marfan syndrome,HP:0000098|HP:0000268|HP:0000545|HP:0000767|HP:0000768|HP:0001065|HP:0001083|HP:0001382|HP:0001653|HP:0001763|HP:0002616|HP:0002647|HP:0004933|HP:0007807,easy
P_marfan_107,Marfan syndrome,HP:0000098|HP:0000272|HP:0000767|HP:0001065|HP:0001166|HP:0001382|HP:0001653|HP:0001762|HP:0002616|HP:0002650|HP:0002705|HP:0004933|HP:0005294,easy
P_marfan_108,Marfan syndrome,HP:0000098|HP:0000268|HP:0000545|HP:0001166|HP:0001382|HP:0001519|HP:0001634|HP:0001763|HP:0002616|HP:0002647|HP:0002650|HP:0002705|HP:0004933|HP:0005294|HP:0007807,easy
P_marfan_109,Marfan syndrome,HP:0000098|HP:0000268|HP:0000767|HP:0001166|HP:0001519|HP:0001634|HP:0001653|HP:0001659|HP:0002616|HP:0002650|HP:0002705|HP:0002816|HP:0004933|HP:0005294|HP:0007807,easy
P_marfan_110,Marfan syndrome,HP:0000098|HP:0000545|HP:0000767|HP:0001065|HP:0001083|HP:0001382|HP:0001519|HP:0001634|HP:0002107|HP:0002616|HP:0002705|HP:0004933|HP:0005294|HP:0007807,easy
P_marfan_111,Marfan syndrome,HP:0001083|HP:0001166|HP:0001382|HP:0001519|HP:0001634|HP:0002616|HP:0002647|HP:0002650|HP:0002705|HP:0004933|HP:0005294,easy
P_marfan_112,Marfan syndrome,HP:0000272|HP:0000545|HP:0000767|HP:0001065|HP:0001083|HP:0001166|HP:0001519|HP:0001653|HP:0002647|HP:0002816|HP:0004933|HP:0007807,easy
P_marfan_113,Marfan syndrome,HP:0000272|HP:0000545|HP:0000768|HP:0001083|HP:0001166|HP:0001519|HP:0001653|HP:0001763|HP:0002616|HP:0002705|HP:0002816|HP:0004933|HP:0007807,easy
P_marfan_114,Marfan syndrome,HP:0000098|HP:0000268|HP:0000545|HP:0000767|HP:0000768|HP:0001065|HP:0001083|HP:0001166|HP:0001519|HP:0001653|HP:0001763|HP:0002616|HP:0002650|HP:0005294|HP:0007807,easy
P_marfan_115,Marfan syndrome,HP:0000098|HP:0000268|HP:0000767|HP:0001065|HP:0001519|HP:0001537|HP:0001634|HP:0001659|HP:0001763|HP:0002616|HP:0002647|HP:0002816|HP:0005294,easy
P_marfan_116,Marfan syndrome,HP:0000098|HP:0000545|HP:0000768|HP:0001083|HP:0001166|HP:0001519|HP:0001763|HP:0002616|HP:0002650|HP:0004933|HP:0005294,easy
P_marfan_117,Marfan syndrome,HP:0000098|HP:0000767|HP:0001065|HP:0001083|HP:0001166|HP:0001519|HP:0001634|HP:0001659|HP:0001763|HP:0005294,easy
P_marfan_118,Marfan syndrome,HP:0000098|HP:0000268|HP:0000541|HP:0000768|HP:0001166|HP:0001382|HP:0001519|HP:0001634|HP:0001653|HP:0001763|HP:0002616|HP:0004933|HP:0005294|HP:0007807,easy
P_marfan_119,Marfan syndrome,HP:0000098|HP:0000268|HP:0000545|HP:0000767|HP:0001083|HP:0001166|HP:0001382|HP:0001519|HP:0001634|HP:0001653|HP:0002616|HP:0002650|HP:0002705|HP:0004933|HP:0005294|HP:0007807,easy
P_marfan_120,Marfan syndrome,HP:0000098|HP:0001065|HP:0001166|HP:0001382|HP:0001519|HP:0001653|HP:0001763|HP:0002705|HP:0002816|HP:0004933,easy
P_marfan_121,Marfan syndrome,HP:0000098|HP:0000768|HP:0001166|HP:0001519|HP:0001634|HP:0001653|HP:0001659|HP:0001763|HP:0002616|HP:0002705|HP:0004933|HP:0005294|HP:0007807,easy
P_marfan_122,Marfan syndrome,HP:0000098|HP:0000268|HP:0000545|HP:0000767|HP:0000768|HP:0001065|HP:0001083|HP:0001166|HP:0001382|HP:0001519|HP:0001659|HP:0001763|HP:0002616|HP:0002647|HP:0004933|HP:0007807,easy
P_marfan_123,Marfan syndrome,HP:0000098|HP:0001065|HP:0001083|HP:0002616|HP:0002647|HP:0002650|HP:0004933|HP:0005294|HP:0007807,easy
P_marfan_124,Marfan syndrome,HP:0000098|HP:0000545|HP:0000768|HP:0001083|HP:0001166|HP:0001382|HP:0001519|HP:0001634|HP:0001763|HP:0002616|HP:0002650|HP:0002705|HP:0004933,hard
P_marfan_125,Marfan syndrome,HP:0000098|HP:0000268|HP:0000545|HP:0000767|HP:0000768|HP:0001065|HP:0001166|HP:0001382|HP:0001519|HP:0001653|HP:0004933|HP:0005294|HP:0007807,easy
P_marfan_126,Marfan syndrome,HP:0000098|HP:0000767|HP:0000768|HP:0001065|HP:0001083|HP:0001166|HP:0001382|HP:0001519|HP:0001653|HP:0001763|HP:0002107|HP:0002616|HP:0002705|HP:0004933|HP:0007807,easy
P_marfan_127,Marfan syndrome,HP:0000098|HP:0000545|HP:0000768|HP:0001065|HP:0001083|HP:0001519|HP:0001634|HP:0001653|HP:0002616|HP:0002650|HP:0002705|HP:0004933|HP:0007807,easy
P_marfan_128,Marfan syndrome,HP:0000098|HP:0000268|HP:0000767|HP:0000768|HP:0001083|HP:0001166|HP:0001519|HP:0001659|HP:0001763|HP:0002616|HP:0004933|HP:0005294|HP:0007807,easy
P_marfan_129,Marfan syndrome,HP:0000098|HP:0000268|HP:0000767|HP:0000768|HP:0001065|HP:0001083|HP:0001166|HP:0001659|HP:0002616|HP:0002650|HP:0004933|HP:0007807,easy
P_marfan_130,Marfan syndrome,HP:0000098|HP:0000272|HP:0000545|HP:0001166|HP:0001382|HP:0001519|HP:0001634|HP:0001653|HP:0001763|HP:0002616|HP:0002647|HP:0004933|HP:0005294,easy
P_marfan_131,Marfan syndrome,HP:0000028|HP:0000098|HP:0000268|HP:0000272|HP:0000508|HP:0000768|HP:0001065|HP:0001166|HP:0001382|HP:0001540|HP:0001634|HP:0001653|HP:0002616|HP:0002647|HP:0002816|HP:0004933|HP:0007807,easy
P_marfan_132,Marfan syndrome,HP:0000098|HP:0000272|HP:0000545|HP:0001166|HP:0001519|HP:0001653|HP:0002616|HP:0002647|HP:0002705|HP:0004933|HP:0005294,easy
P_marfan_133,Marfan syndrome,HP:0000098|HP:0000545|HP:0001065|HP:0001166|HP:0001382|HP:0001634|HP:0001653|HP:0001763|HP:0002616|HP:0002650|HP:0002705|HP:0004933|HP:0005294|HP:0007807,hard
P_marfan_134,Marfan syndrome,HP:0000098|HP:0000268|HP:0001065|HP:0001083|HP:0001166|HP:0001519|HP:0002616|HP:0002816|HP:0004933|HP:0005294|HP:0007807,easy
P_marfan_135,Marfan syndrome,HP:0000098|HP:0000268|HP:0001166|HP:0001382|HP:0001519|HP:0001659|HP:0002616|HP:0002647|HP:0002650|HP:0002705|HP:0004933,easy
P_marfan_136,Marfan syndrome,HP:0000268|HP:0000272|HP:0000545|HP:0000767|HP:0000768|HP:0001065|HP:0001083|HP:0001166|HP:0001382|HP:0001519|HP:0001763|HP:0002616|HP:0002650|HP:0002705|HP:0004933|HP:0005294|HP:0007807,easy
P_marfan_137,Marfan syndrome,HP:0000098|HP:0000268|HP:0000545|HP:0000767|HP:0001065|HP:0001166|HP:0001634|HP:0001653|HP:0001659|HP:0001763|HP:0002616|HP:0002647|HP:0002650|HP:0002816|HP:0004933|HP:0005294,easy
P_marfan_138,Marfan syndrome,HP:0000098|HP:0000268|HP:0000272|HP:0001083|HP:0001166|HP:0001519|HP:0001653|HP:0001659|HP:0001763|HP:0002616|HP:0002650|HP:0004933|HP:0005294|HP:0007807,easy
P_marfan_139,Marfan syndrome,HP:0000268|HP:0000767|HP:0000768|HP:0001065|HP:0001083|HP:0001166|HP:0001382|HP:0001519|HP:0001763|HP:0002647|HP:0002650|HP:0002816|HP:0004933|HP:0005294|HP:0007807,easy
P_marfan_140,Marfan syndrome,HP:0000098|HP:0000768|HP:0001166|HP:0001382|HP:0001519|HP:0001634|HP:0001659|HP:0002616|HP:0002647|HP:0002650|HP:0002705|HP:0007807,easy
P_marfan_141,Marfan syndrome,HP:0000272|HP:0000767|HP:0000768|HP:0001065|HP:0001083|HP:0001166|HP:0001382|HP:0001653|HP:0001659|HP:0001763|HP:0002616|HP:0002647|HP:0002650|HP:0002705|HP:0004933|HP:0005294|HP:0007807,easy
P_marfan_142,Marfan syndrome,HP:0000098|HP:0000268|HP:0000545|HP:0001065|HP:0001083|HP:0001166|HP:0001519|HP:0001659|HP:0001763|HP:0002616|HP:0002647|HP:0002650|HP:0004933|HP:0007807,easy
P_marfan_143,Marfan syndrome,HP:0000098|HP:0000268|HP:0000272|HP:0000545|HP:0000768|HP:0001065|HP:0001083|HP:0001166|HP:0001382|HP:0001519|HP:0001653|HP:0001659|HP:0002107|HP:0002616|HP:0002647|HP:0002650|HP:0002705|HP:0002816|HP:0004933|HP:0005294,easy
P_marfan_144,Marfan syndrome,HP:0000098|HP:0000541|HP:0000767|HP:0000768|HP:0001083|HP:0001166|HP:0001382|HP:0001519|HP:0001634|HP:0001659|HP:0002616|HP:0002705|HP:0004933,easy
P_marfan_145,Marfan syndrome,HP:0000098|HP:0000268|HP:0000316|HP:0000768|HP:0001065|HP:0001083|HP:0001166|HP:0001519|HP:0001539|HP:0001653|HP:0002616|HP:0004933|HP:0005294,easy
P_marfan_146,Marfan syndrome,HP:0000768|HP:0001083|HP:0001166|HP:0001382|HP:0001519|HP:0001763|HP:0002616|HP:0002647|HP:0002650|HP:0002705|HP:0004933|HP:0005294|HP:0007807,easy
P_marfan_147,Marfan syndrome,HP:0000098|HP:0000268|HP:0000767|HP:0000768|HP:0001065|HP:0001083|HP:0001166|HP:0001382|HP:0001519|HP:0001653|HP:0001763|HP:0002616|HP:0002647|HP:0002650|HP:0002705|HP:0004933|HP:0005294|HP:0007807,easy
P_marfan_148,Marfan syndrome,HP:0000098|HP:0000541|HP:0000545|HP:0000768|HP:0001065|HP:0001083|HP:0001166|HP:0001382|HP:0001519|HP:0002616|HP:0002650|HP:0002705|HP:0004933|HP:0005294|HP:0007807,easy
P_marfan_149,Marfan syndrome,HP:0000098|HP:0000268|HP:0000545|HP:0000767|HP:0001065|HP:0001083|HP:0001166|HP:0001519|HP:0001634|HP:0001653|HP:0001659|HP:0001763|HP:0002616|HP:0002647|HP:0004933|HP:0005294|HP:0007807,easy
P_marfan_150,Marfan syndrome,HP:0000098|HP:0000268|HP:0000768|HP:0001083|HP:0001166|HP:0001519|HP:0001653|HP:0001763|HP:0002616|HP:0004933|HP:0007807,easy
P_marfan_151,Marfan syndrome,HP:0000098|HP:0000767|HP:0000768|HP:0001065|HP:0001083|HP:0001166|HP:0001382|HP:0001653|HP:0002616|HP:0002650|HP:0002705|HP:0004933|HP:0007807,easy
P_marfan_152,Marfan syndrome,HP:0000098|HP:0000272|HP:0000545|HP:0000767|HP:0000768|HP:0001166|HP:0001382|HP:0001634|HP:0001763|HP:0002647|HP:0002650|HP:0002816,easy
P_marfan_153,Marfan syndrome,HP:0000098|HP:0000268|HP:0000545|HP:0001065|HP:0001166|HP:0001382|HP:0001519|HP:0001659|HP:0001763|HP:0002616|HP:0005294|HP:0007807,easy
P_marfan_154,Marfan syndrome,HP:0000098|HP:0000268|HP:0000272|HP:0000768|HP:0001065|HP:0001166|HP:0001382|HP:0001519|HP:0001634|HP:0001653|HP:0001659|HP:0001763|HP:0002616|HP:0002647|HP:0002650|HP:0002816|HP:0004933|HP:0007807,easy
P_marfan_155,Marfan syndrome,HP:0000098|HP:0000767|HP:0001065|HP:0001083|HP:0001166|HP:0001382|HP:0001519|HP:0001653|HP:0001659|HP:0001763|HP:0002616|HP:0002647|HP:0002705|HP:0004933|HP:0005294,easy
P_marfan_156,Marfan syndrome,HP:0000098|HP:0000545|HP:0000767|HP:0001065|HP:0001083|HP:0001382|HP:0001519|HP:0001634|HP:0001653|HP:0001763|HP:0002616|HP:0002650|HP:0002705,hard
P_marfan_157,Marfan syndrome,HP:0000098|HP:0000545|HP:0000767|HP:0000768|HP:0001065|HP:0001166|HP:0001382|HP:0001519|HP:0001763|HP:0002616|HP:0002647|HP:0002650|HP:0004933|HP:0005294|HP:0007807,easy
P_marfan_158,Marfan syndrome,HP:0000098|HP:0000268|HP:0000768|HP:0001065|HP:0001083|HP:0001166|HP:0001519|HP:0001653|HP:0002616|HP:0002647|HP:0002650|HP:0002705|HP:0007807,easy
P_marfan_159,Marfan syndrome,HP:0000268|HP:0000541|HP:0000767|HP:0000768|HP:0001065|HP:0001083|HP:0001166|HP:0001382|HP:0001519|HP:0001653|HP:0001659|HP:0001763|HP:0002107|HP:0002616|HP:0002650|HP:0002705|HP:0004933|HP:0007807,easy
P_marfan_160,Marfan syndrome,HP:0000098|HP:0000268|HP:0000767|HP:0001065|HP:0001083|HP:0001166|HP:0001519|HP:0001634|HP:0001653|HP:0001763|HP:0002616|HP:0002647|HP:0002650|HP:0002705|HP:0002816|HP:0004933|HP:0007807,easy
P_marfan_161,Marfan syndrome,HP:0000098|HP:0000268|HP:0000541|HP:0000545|HP:0001083|HP:0001382|HP:0001519|HP:0001634|HP:0001653|HP:0001763|HP:0002107|HP:0002650|HP:0002705|HP:0002816|HP:0004933|HP:0005294|HP:0007807,easy
P_marfan_162,Marfan syndrome,HP:0000098|HP:0000545|HP:0000767|HP:0001065|HP:0001083|HP:0001166|HP:0001519|HP:0001634|HP:0001653|HP:0001659|HP:0001763|HP:0002616|HP:0002650|HP:0004933|HP:0005294|HP:0007807,easy
P_marfan_163,Marfan syndrome,HP:0000098|HP:0000767|HP:0000768|HP:0001065|HP:0001382|HP:0001653|HP:0001763|HP:0002616|HP:0002650|HP:0004933,easy
P_marfan_164,Marfan syndrome,HP:0000098|HP:0000272|HP:0000545|HP:0000767|HP:0001083|HP:0001166|HP:0001382|HP:0001519|HP:0001634|HP:0002616|HP:0002647|HP:0002705|HP:0004933|HP:0007807,easy
P_marfan_165,Marfan syndrome,HP:0000098|HP:0000767|HP:0000768|HP:0001083|HP:0001166|HP:0001519|HP:0001763|HP:0002616|HP:0002650|HP:0002705|HP:0004933|HP:0005294|HP:0007807,easy
P_marfan_166,Marfan syndrome,HP:0000098|HP:0000545|HP:0000767|HP:0001065|HP:0001083|HP:0001166|HP:0001519|HP:0001634|HP:0002616|HP:0004933|HP:0005294|HP:0007807,easy
P_marfan_167,Marfan syndrome,HP:0000098|HP:0000767|HP:0000768|HP:0001065|HP:0001083|HP:0001166|HP:0001382|HP:0001519|HP:0001653|HP:0001763|HP:0002647|HP:0002650|HP:0004933|HP:0007807,easy
P_marfan_168,Marfan syndrome,HP:0000272|HP:0000545|HP:0000767|HP:0001065|HP:0001083|HP:0001166|HP:0001519|HP:0001653|HP:0002616|HP:0002647|HP:0002705|HP:0004933,easy
P_marfan_169,Marfan syndrome,HP:0000268|HP:0000272|HP:0000768|HP:0001065|HP:0001083|HP:0001166|HP:0001519|HP:0001634|HP:0001653|HP:0001659|HP:0001763|HP:0002647|HP:0004933|HP:0007807,easy
P_marfan_170,Marfan syndrome,HP:0000098|HP:0000268|HP:0000272|HP:0000545|HP:0001065|HP:0001519|HP:0001763|HP:0002616|HP:0002650|HP:0002705|HP:0005294,easy
P_marfan_171,Marfan syndrome,HP:0000098|HP:0000545|HP:0000768|HP:0001166|HP:0001382|HP:0001634|HP:0001653|HP:0001763|HP:0002616|HP:0002647|HP:0002705|HP:0002816|HP:0004933|HP:0007807,easy
P_marfan_172,Marfan syndrome,HP:0000098|HP:0001065|HP:0001166|HP:0001382|HP:0001519|HP:0001653|HP:0001763|HP:0002616|HP:0002647|HP:0002705|HP:0004933|HP:0005294|HP:0007807,easy
P_marfan_173,Marfan syndrome,HP:0000268|HP:0000545|HP:0000767|HP:0001065|HP:0001083|HP:0001166|HP:0001519|HP:0001634|HP:0001763|HP:0002616|HP:0002647|HP:0002705|HP:0004933|HP:0005294,easy
P_marfan_174,Marfan syndrome,HP:0000098|HP:0000767|HP:0000768|HP:0001065|HP:0001083|HP:0001166|HP:0001382|HP:0001659|HP:0001763|HP:0002107|HP:0002616|HP:0002650|HP:0002705|HP:0004933|HP:0005294|HP:0007807,easy
P_marfan_175,Marfan syndrome,HP:0000098|HP:0000268|HP:0000545|HP:0000767|HP:0000768|HP:0001065|HP:0001166|HP:0001382|HP:0001519|HP:0001634|HP:0001763|HP:0002616|HP:0002650|HP:0004933,hard
P_marfan_176,Marfan syndrome,HP:0000098|HP:0000508|HP:0000541|HP:0000545|HP:0001065|HP:0001166|HP:0001363|HP:0001371|HP:0001382|HP:0001519|HP:0001537|HP:0001653|HP:0001763|HP:0002616|HP:0002647|HP:0005294,easy
P_marfan_177,Marfan syndrome,HP:0000098|HP:0000268|HP:0000272|HP:0000545|HP:0000767|HP:0001083|HP:0001166|HP:0001653|HP:0002616|HP:0002705|HP:0004933|HP:0005294,easy
P_marfan_178,Marfan syndrome,HP:0000098|HP:0000272|HP:0001083|HP:0001166|HP:0001382|HP:0001634|HP:0001763|HP:0002616|HP:0002650|HP:0002705,easy
P_marfan_179,Marfan syndrome,HP:0000098|HP:0001065|HP:0001083|HP:0001371|HP:0002616|HP:0002650|HP:0002705|HP:0004933|HP:0005294|HP:0007807,easy
P_marfan_180,Marfan syndrome,HP:0000028|HP:0000268|HP:0000272|HP:0000545|HP:0000768|HP:0001083|HP:0001166|HP:0001382|HP:0001659|HP:0001763|HP:0002647|HP:0004933,easy
P_marfan_181,Marfan syndrome,HP:0000272|HP:0000545|HP:0001166|HP:0001519|HP:0001634|HP:0001653|HP:0001763|HP:0002107|HP:0002616|HP:0002647|HP:0002650|HP:0002705|HP:0004933|HP:0007807,easy
P_marfan_182,Marfan syndrome,HP:0000098|HP:0000268|HP:0000272|HP:0000545|HP:0000768|HP:0001166|HP:0001519|HP:0001763|HP:0002616|HP:0002647|HP:0002650|HP:0002705|HP:0004933,easy
P_marfan_183,Marfan syndrome,HP:0000098|HP:0000545|HP:0001065|HP:0001083|HP:0001166|HP:0001519|HP:0001634|HP:0001653|HP:0001763|HP:0002647|HP:0002650|HP:0002705,hard
P_marfan_184,Marfan syndrome,HP:0000098|HP:0000268|HP:0001083|HP:0001166|HP:0001519|HP:0001634|HP:0001763|HP:0002616|HP:0002650|HP:0002705|HP:0004933|HP:0007807,easy
P_marfan_185,Marfan syndrome,HP:0000098|HP:0000272|HP:0000545|HP:0000767|HP:0000768|HP:0001065|HP:0001083|HP:0001166|HP:0001634|HP:0001763|HP:0002616|HP:0002650|HP:0002705|HP:0004933|HP:0005294|HP:0007807,easy
P_marfan_186,Marfan syndrome,HP:0000268|HP:0000541|HP:0000545|HP:0000768|HP:0001065|HP:0001083|HP:0001166|HP:0001382|HP:0001519|HP:0001634|HP:0002616|HP:0002647|HP:0002650|HP:0005294,easy
P_marfan_187,Marfan syndrome,HP:0000098|HP:0000268|HP:0000767|HP:0000768|HP:0001065|HP:0001083|HP:0001382|HP:0001519|HP:0001634|HP:0001763|HP:0002650|HP:0002705|HP:0004933|HP:0007807,easy
P_marfan_188,Marfan syndrome,HP:0000098|HP:0000268|HP:0000272|HP:0000541|HP:0000545|HP:0000767|HP:0000768|HP:0001065|HP:0001083|HP:0001166|HP:0001382|HP:0001519|HP:0001634|HP:0001653|HP:0002616|HP:0002705|HP:0005294|HP:0007807,easy
P_marfan_189,Marfan syndrome,HP:0000098|HP:0000268|HP:0000767|HP:0000768|HP:0001083|HP:0001166|HP:0001382|HP:0001519|HP:0001653|HP:0001763|HP:0002650|HP:0002705|HP:0005294,easy
P_marfan_190,Marfan syndrome,HP:0000028|HP:0000545|HP:0000767|HP:0000768|HP:0001065|HP:0001083|HP:0001166|HP:0001249|HP:0001263|HP:0001519|HP:0001634|HP:0001763|HP:0002647|HP:0002650|HP:0002705,easy
P_marfan_191,Marfan syndrome,HP:0000268|HP:0000272|HP:0000545|HP:0000768|HP:0001083|HP:0001382|HP:0001519|HP:0001634|HP:0001763|HP:0002647|HP:0002650|HP:0002705|HP:0004933|HP:0005294|HP:0007807,easy
P_marfan_192,Marfan syndrome,HP:0000098|HP:0000268|HP:0000768|HP:0001065|HP:0001083|HP:0001166|HP:0001519|HP:0001634|HP:0001653|HP:0001763|HP:0002616|HP:0002705|HP:0002816|HP:0004933,hard
P_marfan_193,Marfan syndrome,HP:0000098|HP:0000268|HP:0000545|HP:0000767|HP:0000768|HP:0001065|HP:0001083|HP:0001166|HP:0001382|HP:0001519|HP:0001634|HP:0001653|HP:0001763|HP:0002616|HP:0002647|HP:0002650|HP:0002705|HP:0005294|HP:0007807,hard
P_marfan_194,Marfan syndrome,HP:0000098|HP:0000767|HP:0001166|HP:0001519|HP:0001653|HP:0002616|HP:0002647|HP:0004933|HP:0007807,easy
P_marfan_195,Marfan syndrome,HP:0000098|HP:0000268|HP:0000272|HP:0000541|HP:0000545|HP:0001083|HP:0001166|HP:0001382|HP:0001519|HP:0001763|HP:0002650|HP:0002705|HP:0004933|HP:0005294,easy
P_marfan_196,Marfan syndrome,HP:0000098|HP:0000272|HP:0000541|HP:0000545|HP:0000767|HP:0001065|HP:0001083|HP:0001166|HP:0001382|HP:0001519|HP:0001653|HP:0002107|HP:0002647|HP:0002650|HP:0002705|HP:0004933|HP:0007807,easy
P_marfan_197,Marfan syndrome,HP:0000098|HP:0000272|HP:0000545|HP:0000767|HP:0001083|HP:0001166|HP:0001634|HP:0001763|HP:0002616|HP:0002647|HP:0002650|HP:0002816|HP:0004933|HP:0007807,easy
P_marfan_198,Marfan syndrome,HP:0000098|HP:0000268|HP:0000545|HP:0000767|HP:0000768|HP:0001065|HP:0001083|HP:0001166|HP:0001382|HP:0001519|HP:0001634|HP:0001763|HP:0002616|HP:0002650|HP:0002705|HP:0004933|HP:0005294,hard
P_marfan_199,Marfan syndrome,HP:0000098|HP:0000268|HP:0000545|HP:0000767|HP:0001083|HP:0001166|HP:0001519|HP:0001634|HP:0001653|HP:0001763|HP:0002647|HP:0002705|HP:0004933|HP:0005294|HP:0007807,easy
P_loeys_dietz_000,Loeys-Dietz syndrome,HP:0000316|HP:0000767|HP:0000978|HP:0001075|HP:0001166|HP:0001363|HP:0001382|HP:0001634|HP:0001659|HP:0002616|HP:0002647|HP:0002705|HP:0004942|HP:0005116,easy
P_loeys_dietz_001,Loeys-Dietz syndrome,HP:0000175|HP:0000193|HP:0000316|HP:0000768|HP:0000978|HP:0001166|HP:0001363|HP:0001539|HP:0001763|HP:0002616|HP:0002650|HP:0004942|HP:0005116|HP:0007807|HP:0012727|HP:0200041,easy
P_loeys_dietz_002,Loeys-Dietz syndrome,HP:0000175|HP:0000978|HP:0001075|HP:0001363|HP:0001382|HP:0001634|HP:0001763|HP:0002099|HP:0002616|HP:0002650|HP:0002705|HP:0004942|HP:0005116|HP:0007807|HP:0200041,easy
P_loeys_dietz_003,Loeys-Dietz syndrome,HP:0000193|HP:0000316|HP:0000767|HP:0000978|HP:0001075|HP:0001363|HP:0001371|HP:0002616|HP:0002647|HP:0002650|HP:0005116|HP:0012727|HP:0200041,easy
P_loeys_dietz_004,Loeys-Dietz syndrome,HP:0000175|HP:0000193|HP:0000278|HP:0000316|HP:0000978|HP:0001075|HP:0001382|HP:0001539|HP:0001634|HP:0002616|HP:0002650|HP:0002705|HP:0005116,easy
P_loeys_dietz_005,Loeys-Dietz syndrome,HP:0000316|HP:0000767|HP:0000978|HP:0001075|HP:0001166|HP:0002099|HP:0002647|HP:0002650|HP:0004942|HP:0005116|HP:0012727,easy
P_loeys_dietz_006,Loeys-Dietz syndrome,HP:0000316|HP:0001166|HP:0001382|HP:0001539|HP:0001659|HP:0001762|HP:0002616|HP:0002705|HP:0004942|HP:0005116,easy
P_loeys_dietz_007,Loeys-Dietz syndrome,HP:0000175|HP:0000768|HP:0000978|HP:0001075|HP:0001166|HP:0001371|HP:0001539|HP:0001763|HP:0002616|HP:0002647|HP:0002650|HP:0002705|HP:0005116|HP:0200041,easy
P_loeys_dietz_008,Loeys-Dietz syndrome,HP:0000175|HP:0000193|HP:0000278|HP:0000768|HP:0000978|HP:0001166|HP:0001382|HP:0001763|HP:0002099|HP:0002650|HP:0004942|HP:0005116|HP:0012727,easy
P_loeys_dietz_009,Loeys-Dietz syndrome,HP:0000193|HP:0000316|HP:0000767|HP:0000978|HP:0001075|HP:0001363|HP:0001382|HP:0001634|HP:0001653|HP:0002616|HP:0002647|HP:0002650|HP:0002705|HP:0005116|HP:0007807|HP:0012727|HP:0200041,easy
P_loeys_dietz_010,Loeys-Dietz syndrome,HP:0000193|HP:0000278|HP:0000978|HP:0001075|HP:0001166|HP:0001371|HP:0001382|HP:0001763|HP:0002616|HP:0002647|HP:0002705|HP:0004942|HP:0005116|HP:0012727|HP:0200041,easy
P_loeys_dietz_011,Loeys-Dietz syndrome,HP:0000175|HP:0000767|HP:0000768|HP:0001166|HP:0001371|HP:0001382|HP:0001539|HP:0001634|HP:0002616|HP:0002647|HP:0002650|HP:0002705|HP:0005116|HP:0012727|HP:0200041,easy
P_loeys_dietz_012,Loeys-Dietz syndrome,HP:0000175|HP:0000316|HP:0000978|HP:0001166|HP:0001363|HP:0001634|HP:0002099|HP:0002616|HP:0002647|HP:0002705|HP:0005116|HP:0007807|HP:0012727|HP:0200041,easy
P_loeys_dietz_013,Loeys-Dietz syndrome,HP:0000278|HP:0000768|HP:0001371|HP:0001382|HP:0001539|HP:0001762|HP:0002099|HP:0002647|HP:0002650|HP:0004942|HP:0005116|HP:0007807,easy
P_loeys_dietz_014,Loeys-Dietz syndrome,HP:0000316|HP:0000767|HP:0000768|HP:0001075|HP:0001166|HP:0001634|HP:0001763|HP:0002099|HP:0002616|HP:0002647|HP:0005116|HP:0007807|HP:0012727,easy
P_loeys_dietz_015,Loeys-Dietz syndrome,HP:0000316|HP:0000978|HP:0001075|HP:0001363|HP:0001382|HP:0001634|HP:0001762|HP:0002616|HP:0002705|HP:0004942|HP:0007807|HP:0012727,easy
P_loeys_dietz_016,Loeys-Dietz syndrome,HP:0000175|HP:0000316|HP:0001075|HP:0001166|HP:0001539|HP:0001634|HP:0001762|HP:0002099|HP:0002616|HP:0002705|HP:0004942|HP:0005116|HP:0007807|HP:0012727,easy
P_loeys_dietz_017,Loeys-Dietz syndrome,HP:0000193|HP:0000316|HP:0000768|HP:0000978|HP:0001166|HP:0001371|HP:0001539|HP:0001634|HP:0002616|HP:0002705|HP:0005116|HP:0007807|HP:0200041,easy
P_loeys_dietz_018,Loeys-Dietz syndrome,HP:0000175|HP:0000278|HP:0000316|HP:0000978|HP:0001075|HP:0001166|HP:0001382|HP:0002099|HP:0002616|HP:0002647|HP:0005116|HP:0007807|HP:0012727|HP:0200041,easy
P_loeys_dietz_019,Loeys-Dietz syndrome,HP:0000316|HP:0000767|HP:0000768|HP:0001166|HP:0001371|HP:0001382|HP:0001634|HP:0002099|HP:0002616|HP:0002647|HP:0002650|HP:0002705|HP:0004942|HP:0005116|HP:0012727,easy
P_loeys_dietz_020,Loeys-Dietz syndrome,HP:0000175|HP:0001166|HP:0001539|HP:0001659|HP:0001763|HP:0002616|HP:0002647|HP:0002650|HP:0002705|HP:0005116|HP:0007807|HP:0012727|HP:0200041,easy
P_loeys_dietz_021,Loeys-Dietz syndrome,HP:0000193|HP:0000316|HP:0000768|HP:0001634|HP:0001763|HP:0002099|HP:0002616|HP:0002647|HP:0002650|HP:0002705|HP:0004942|HP:0005116|HP:0012727|HP:0200041,easy
P_loeys_dietz_022,Loeys-Dietz syndrome,HP:0000193|HP:0000316|HP:0000978|HP:0001075|HP:0001166|HP:0001634|HP:0001763|HP:0002616|HP:0002647|HP:0005116|HP:0012727|HP:0200041,easy
P_loeys_dietz_023,Loeys-Dietz syndrome,HP:0000193|HP:0000316|HP:0000767|HP:0001075|HP:0001166|HP:0001363|HP:0001382|HP:0001634|HP:0002647|HP:0004942|HP:0005116|HP:0007807|HP:0200041,easy
P_loeys_dietz_024,Loeys-Dietz syndrome,HP:0000316|HP:0000768|HP:0001166|HP:0001382|HP:0001539|HP:0001634|HP:0001659|HP:0001762|HP:0001763|HP:0002099|HP:0002616|HP:0002647|HP:0002650|HP:0002705|HP:0005116|HP:0012727,easy
P_loeys_dietz_025,Loeys-Dietz syndrome,HP:0000175|HP:0000193|HP:0000768|HP:0000978|HP:0001075|HP:0001166|HP:0001382|HP:0001634|HP:0001762|HP:0002616|HP:0002647|HP:0004942|HP:0005116,easy
P_loeys_dietz_026,Loeys-Dietz syndrome,HP:0000278|HP:0000316|HP:0000978|HP:0001075|HP:0001371|HP:0001382|HP:0001539|HP:0001634|HP:0001659|HP:0002616|HP:0002650|HP:0002705|HP:0005116|HP:0200041,easy
P_loeys_dietz_027,Loeys-Dietz syndrome,HP:0000175|HP:0000193|HP:0000316|HP:0000768|HP:0000978|HP:0001166|HP:0001363|HP:0001371|HP:0001539|HP:0002099|HP:0002616|HP:0002650|HP:0004942|HP:0005116|HP:0007807|HP:0200041,easy
P_loeys_dietz_028,Loeys-Dietz syndrome,HP:0000193|HP:0000278|HP:0000767|HP:0000978|HP:0001075|HP:0001382|HP:0002616|HP:0002647|HP:0004942|HP:0005116|HP:0007807|HP:0200041,easy
P_loeys_dietz_029,Loeys-Dietz syndrome,HP:0000175|HP:0000193|HP:0000278|HP:0000978|HP:0001075|HP:0001634|HP:0001659|HP:0001763|HP:0002099|HP:0002616|HP:0002705|HP:0004942|HP:0005116,easy
P_loeys_dietz_030,Loeys-Dietz syndrome,HP:0000193|HP:0000316|HP:0000978|HP:0001075|HP:0001371|HP:0002099|HP:0002616|HP:0002647|HP:0005116|HP:0007807|HP:0200041,easy
P_loeys_dietz_031,Loeys-Dietz syndrome,HP:0000316|HP:0000767|HP:0000978|HP:0001166|HP:0001382|HP:0002099|HP:0002616|HP:0002647|HP:0002705|HP:0004942|HP:0005116|HP:0007807|HP:0012727,easy
P_loeys_dietz_032,Loeys-Dietz syndrome,HP:0000278|HP:0000767|HP:0000768|HP:0000978|HP:0001075|HP:0001382|HP:0001539|HP:0001659|HP:0001763|HP:0002616|HP:0002647|HP:0005116|HP:0007807|HP:0200041,easy
P_loeys_dietz_033,Loeys-Dietz syndrome,HP:0000316|HP:0000768|HP:0000978|HP:0001075|HP:0001166|HP:0001371|HP:0001539|HP:0002616|HP:0002705|HP:0004942|HP:0012727|HP:0200041,easy
P_loeys_dietz_034,Loeys-Dietz syndrome,HP:0000316|HP:0001166|HP:0001382|HP:0001762|HP:0001763|HP:0002099|HP:0002616|HP:0002647|HP:0002650|HP:0002705|HP:0005116|HP:0007807|HP:0012727,easy
P_loeys_dietz_035,Loeys-Dietz syndrome,HP:0000278|HP:0000316|HP:0000767|HP:0000978|HP:0001075|HP:0001363|HP:0001382|HP:0001539|HP:0001763|HP:0002616|HP:0002647|HP:0002650|HP:0200041,easy
P_loeys_dietz_036,Loeys-Dietz syndrome,HP:0000193|HP:0000278|HP:0000316|HP:0000767|HP:0001075|HP:0001166|HP:0001634|HP:0002616|HP:0002705|HP:0004942|HP:0005116|HP:0007807|HP:0012727|HP:0200041,easy
P_loeys_dietz_037,Loeys-Dietz syndrome,HP:0000175|HP:0000193|HP:0000316|HP:0000978|HP:0001075|HP:0001363|HP:0001382|HP:0001762|HP:0002616|HP:0002647|HP:0002650|HP:0004942|HP:0005116|HP:0200041,easy
P_loeys_dietz_038,Loeys-Dietz syndrome,HP:0000175|HP:0000278|HP:0000316|HP:0000768|HP:0000978|HP:0001166|HP:0002099|HP:0002616|HP:0002647|HP:0002650|HP:0005116|HP:0007807|HP:0012727|HP:0200041,easy
P_loeys_dietz_039,Loeys-Dietz syndrome,HP:0000175|HP:0000316|HP:0000978|HP:0001166|HP:0001371|HP:0001634|HP:0002616|HP:0002647|HP:0002650|HP:0005116|HP:0012727,easy
P_loeys_dietz_040,Loeys-Dietz syndrome,HP:0000175|HP:0000193|HP:0000316|HP:0000767|HP:0000768|HP:0000978|HP:0001166|HP:0001363|HP:0001634|HP:0001762|HP:0001763|HP:0002099|HP:0002616|HP:0002647|HP:0002650|HP:0002705|HP:0005116|HP:0007807|HP:0200041,easy
P_loeys_dietz_041,Loeys-Dietz syndrome,HP:0000175|HP:0000316|HP:0000767|HP:0000768|HP:0000978|HP:0001166|HP:0001371|HP:0001763|HP:0002616|HP:0002647|HP:0002705|HP:0004942|HP:0005116|HP:0200041,easy
P_loeys_dietz_042,Loeys-Dietz syndrome,HP:0000193|HP:0000278|HP:0000978|HP:0001075|HP:0001166|HP:0001363|HP:0001371|HP:0001539|HP:0001763|HP:0002099|HP:0002616|HP:0002705|HP:0004942|HP:0007807|HP:0012727|HP:0200041,easy
P_loeys_dietz_043,Loeys-Dietz syndrome,HP:0000175|HP:0000193|HP:0000316|HP:0000767|HP:0001075|HP:0001371|HP:0001634|HP:0001763|HP:0002099|HP:0002616|HP:0004942|HP:0005116|HP:0007807|HP:0012727|HP:0200041,easy
P_loeys_dietz_044,Loeys-Dietz syndrome,HP:0000278|HP:0000767|HP:0000768|HP:0001166|HP:0001371|HP:0001659|HP:0001763|HP:0002616|HP:0005116|HP:0007807|HP:0200041,easy
P_loeys_dietz_045,Loeys-Dietz syndrome,HP:0000175|HP:0000193|HP:0000278|HP:0000767|HP:0000768|HP:0000978|HP:0001075|HP:0001166|HP:0001363|HP:0001382|HP:0001763|HP:0002616|HP:0002647|HP:0002705|HP:0004942|HP:0005116,easy
P_loeys_dietz_046,Loeys-Dietz syndrome,HP:0000316|HP:0000768|HP:0000978|HP:0001166|HP:0001371|HP:0001382|HP:0001659|HP:0002099|HP:0002650|HP:0002705|HP:0004942|HP:0007807|HP:0012727|HP:0200041,easy
P_loeys_dietz_047,Loeys-Dietz syndrome,HP:0000175|HP:0000193|HP:0000768|HP:0000978|HP:0001166|HP:0001382|HP:0001659|HP:0001763|HP:0002099|HP:0002616|HP:0002647|HP:0004942|HP:0005116|HP:0007807|HP:0200041,easy
P_loeys_dietz_048,Loeys-Dietz syndrome,HP:0000175|HP:0000278|HP:0000767|HP:0000768|HP:0000978|HP:0001363|HP:0001371|HP:0001382|HP:0001763|HP:0002616|HP:0002650|HP:0002705|HP:0004942|HP:0005116|HP:0007807|HP:0012727|HP:0200041,easy
P_loeys_dietz_049,Loeys-Dietz syndrome,HP:0000175|HP:0000193|HP:0001075|HP:0001166|HP:0001363|HP:0001371|HP:0001382|HP:0001763|HP:0002099|HP:0002616|HP:0002647|HP:0002650|HP:0002705|HP:0005116|HP:0012727|HP:0200041,easy
P_loeys_dietz_050,Loeys-Dietz syndrome,HP:0000175|HP:0000316|HP:0000978|HP:0001371|HP:0001634|HP:0001659|HP:0001763|HP:0002616|HP:0002647|HP:0002650|HP:0004942|HP:0005116,easy
P_loeys_dietz_051,Loeys-Dietz syndrome,HP:0000175|HP:0000316|HP:0000767|HP:0000978|HP:0001166|HP:0001363|HP:0001382|HP:0002616|HP:0002647|HP:0005116|HP:0007807|HP:0012727|HP:0200041,easy
P_loeys_dietz_052,Loeys-Dietz syndrome,HP:0000175|HP:0000278|HP:0000316|HP:0000767|HP:0000978|HP:0001363|HP:0001382|HP:0001539|HP:0001763|HP:0002616|HP:0002647|HP:0002650|HP:0002705|HP:0005116|HP:0007807|HP:0012727,easy
P_loeys_dietz_053,Loeys-Dietz syndrome,HP:0000175|HP:0000193|HP:0000316|HP:0001166|HP:0001363|HP:0001382|HP:0001539|HP:0001659|HP:0002616|HP:0002647|HP:0002650|HP:0005116|HP:0007807|HP:0200041,easy
P_loeys_dietz_054,Loeys-Dietz syndrome,HP:0000175|HP:0000278|HP:0000316|HP:0000978|HP:0001166|HP:0001371|HP:0001539|HP:0002616|HP:0002647|HP:0002705|HP:0004942|HP:0005116|HP:0007807|HP:0012727|HP:0200041,easy
P_loeys_dietz_055,Loeys-Dietz syndrome,HP:0000193|HP:0000268|HP:0000316|HP:0001075|HP:0001539|HP:0001763|HP:0002099|HP:0002650|HP:0002705|HP:0004942|HP:0012727,easy
P_loeys_dietz_056,Loeys-Dietz syndrome,HP:0000175|HP:0000316|HP:0001166|HP:0001371|HP:0001382|HP:0001539|HP:0002616|HP:0002650|HP:0012727|HP:0200041,easy
P_loeys_dietz_057,Loeys-Dietz syndrome,HP:0000193|HP:0000316|HP:0000978|HP:0001166|HP:0001371|HP:0001634|HP:0001659|HP:0002099|HP:0002616|HP:0002647|HP:0002650|HP:0005116|HP:0007807|HP:0012727|HP:0200041,easy
P_loeys_dietz_058,Loeys-Dietz syndrome,HP:0000193|HP:0000316|HP:0000978|HP:0001166|HP:0001371|HP:0001634|HP:0002099|HP:0002616|HP:0002647|HP:0002650|HP:0004942|HP:0005116|HP:0007807|HP:0012727,easy
P_loeys_dietz_059,Loeys-Dietz syndrome,HP:0000175|HP:0000193|HP:0000316|HP:0001371|HP:0001382|HP:0001763|HP:0002616|HP:0002647|HP:0002650|HP:0002705|HP:0004942|HP:0005116|HP:0007807,easy
P_loeys_dietz_060,Loeys-Dietz syndrome,HP:0000316|HP:0000768|HP:0000978|HP:0001363|HP:0001634|HP:0002099|HP:0002616|HP:0002650|HP:0002705|HP:0004942|HP:0005116|HP:0007807|HP:0200041,easy
P_loeys_dietz_061,Loeys-Dietz syndrome,HP:0000175|HP:0000193|HP:0000316|HP:0000978|HP:0001075|HP:0001363|HP:0001371|HP:0001659|HP:0001762|HP:0002099|HP:0002616|HP:0002647|HP:0002650|HP:0005116|HP:0007807|HP:0012727|HP:0200041,easy
P_loeys_dietz_062,Loeys-Dietz syndrome,HP:0000193|HP:0000316|HP:0000768|HP:0000978|HP:0001075|HP:0001363|HP:0001659|HP:0002099|HP:0002616|HP:0002647|HP:0002705|HP:0005116|HP:0012727|HP:0200041,easy
P_loeys_dietz_063,Loeys-Dietz syndrome,HP:0000193|HP:0000278|HP:0000316|HP:0000768|HP:0000978|HP:0001075|HP:0001382|HP:0001539|HP:0001634|HP:0001659|HP:0002616|HP:0002650|HP:0004942|HP:0005116|HP:0007807,easy
P_loeys_dietz_064,Loeys-Dietz syndrome,HP:0000175|HP:0000193|HP:0000316|HP:0001075|HP:0001382|HP:0002099|HP:0002616|HP:0002705|HP:0005116|HP:0007807|HP:0012727|HP:0200041,easy
P_loeys_dietz_065,Loeys-Dietz syndrome,HP:0000175|HP:0000193|HP:0000278|HP:0000978|HP:0001075|HP:0001363|HP:0001539|HP:0001762|HP:0001763|HP:0002099|HP:0002616|HP:0002650|HP:0002705|HP:0005116|HP:0007807|HP:0012727|HP:0200041,easy
P_loeys_dietz_066,Loeys-Dietz syndrome,HP:0000193|HP:0000316|HP:0000768|HP:0001075|HP:0001166|HP:0001363|HP:0001382|HP:0001634|HP:0001763|HP:0002647|HP:0002650|HP:0005116|HP:0007807|HP:0012727|HP:0200041,easy
P_loeys_dietz_067,Loeys-Dietz syndrome,HP:0000175|HP:0000316|HP:0000768|HP:0000978|HP:0001363|HP:0001634|HP:0002616|HP:0002650|HP:0002705|HP:0004942|HP:0005116|HP:0007807,easy
P_loeys_dietz_068,Loeys-Dietz syndrome,HP:0000193|HP:0000278|HP:0000316|HP:0000768|HP:0001075|HP:0001762|HP:0001763|HP:0002099|HP:0002616|HP:0002647|HP:0004942|HP:0005116|HP:0012727,easy
P_loeys_dietz_069,Loeys-Dietz syndrome,HP:0000193|HP:0000316|HP:0000767|HP:0000768|HP:0000978|HP:0001371|HP:0001382|HP:0002705|HP:0005116|HP:0007807|HP:0012727,easy
P_loeys_dietz_070,Loeys-Dietz syndrome,HP:0000193|HP:0000278|HP:0000316|HP:0000978|HP:0001634|HP:0001763|HP:0002616|HP:0005116|HP:0007807,easy
P_loeys_dietz_071,Loeys-Dietz syndrome,HP:0000278|HP:0000316|HP:0000767|HP:0000978|HP:0001762|HP:0002616|HP:0002650|HP:0005116|HP:0012727|HP:0200041,easy
P_loeys_dietz_072,Loeys-Dietz syndrome,HP:0000175|HP:0000193|HP:0000316|HP:0001382|HP:0001762|HP:0002099|HP:0002650|HP:0004942|HP:0005116|HP:0007807|HP:0200041,easy
P_loeys_dietz_073,Loeys-Dietz syndrome,HP:0000193|HP:0000316|HP:0001363|HP:0001371|HP:0001659|HP:0001763|HP:0002616|HP:0002647|HP:0002650|HP:0005116,easy
P_loeys_dietz_074,Loeys-Dietz syndrome,HP:0000175|HP:0000193|HP:0000316|HP:0001075|HP:0001166|HP:0001371|HP:0001762|HP:0001763|HP:0002647|HP:0004942|HP:0005116|HP:0012727|HP:0200041,easy
P_loeys_dietz_075,Loeys-Dietz syndrome,HP:0000193|HP:0000278|HP:0000316|HP:0000978|HP:0001166|HP:0001382|HP:0001762|HP:0002099|HP:0002616|HP:0002647|HP:0004942|HP:0005116|HP:0007807|HP:0012727|HP:0200041,easy
P_loeys_dietz_076,Loeys-Dietz syndrome,HP:0000193|HP:0000316|HP:0000767|HP:0000978|HP:0001166|HP:0001371|HP:0001382|HP:0001659|HP:0002616|HP:0002647|HP:0002705|HP:0004942|HP:0005116|HP:0007807|HP:0012727,easy
P_loeys_dietz_077,Loeys-Dietz syndrome,HP:0000175|HP:0000278|HP:0000768|HP:0000978|HP:0001075|HP:0001166|HP:0001371|HP:0001382|HP:0002616|HP:0002647|HP:0002650|HP:0002705|HP:0004942|HP:0200041,easy
P_loeys_dietz_078,Loeys-Dietz syndrome,HP:0000316|HP:0000768|HP:0001075|HP:0001382|HP:0001659|HP:0001763|HP:0002099|HP:0002616|HP:0004942|HP:0005116,easy
P_loeys_dietz_079,Loeys-Dietz syndrome,HP:0000175|HP:0000316|HP:0000767|HP:0000978|HP:0001166|HP:0001382|HP:0001659|HP:0002616|HP:0002647|HP:0005116|HP:0200041,easy
P_loeys_dietz_080,Loeys-Dietz syndrome,HP:0000316|HP:0000768|HP:0000978|HP:0001075|HP:0001363|HP:0001539|HP:0001763|HP:0002099|HP:0002616|HP:0002647|HP:0004942|HP:0005116|HP:0007807|HP:0200041,easy
P_loeys_dietz_081,Loeys-Dietz syndrome,HP:0000175|HP:0000316|HP:0000978|HP:0001166|HP:0001363|HP:0001371|HP:0001634|HP:0001659|HP:0002099|HP:0002616|HP:0002705|HP:0005116|HP:0007807|HP:0012727|HP:0200041,easy
P_loeys_dietz_082,Loeys-Dietz syndrome,HP:0000278|HP:0000316|HP:0001075|HP:0001634|HP:0002616|HP:0002647|HP:0002650|HP:0002705|HP:0005116|HP:0007807|HP:0012727|HP:0200041,easy
P_loeys_dietz_083,Loeys-Dietz syndrome,HP:0000193|HP:0000316|HP:0000978|HP:0001539|HP:0001762|HP:0001763|HP:0002099|HP:0002616|HP:0002647|HP:0002705|HP:0004942|HP:0005116|HP:0007807|HP:0200041,easy
P_loeys_dietz_084,Loeys-Dietz syndrome,HP:0000175|HP:0000193|HP:0000767|HP:0000978|HP:0001075|HP:0001166|HP:0001762|HP:0001763|HP:0002616|HP:0005116|HP:0200041,easy
P_loeys_dietz_085,Loeys-Dietz syndrome,HP:0000193|HP:0000278|HP:0000316|HP:0000978|HP:0001075|HP:0001166|HP:0001363|HP:0001371|HP:0001659|HP:0001762|HP:0002616|HP:0002647|HP:0002650|HP:0002705|HP:0004942|HP:0005116|HP:0007807|HP:0200041,easy
P_loeys_dietz_086,Loeys-Dietz syndrome,HP:0000768|HP:0000978|HP:0001363|HP:0001371|HP:0001539|HP:0001659|HP:0001763|HP:0002616|HP:0002705|HP:0004942|HP:0005116|HP:0007807|HP:0200041,easy
P_loeys_dietz_087,Loeys-Dietz syndrome,HP:0000175|HP:0000193|HP:0000316|HP:0000978|HP:0001075|HP:0001371|HP:0002099|HP:0002616|HP:0002647|HP:0002650|HP:0002705|HP:0005116|HP:0007807,easy
P_loeys_dietz_088,Loeys-Dietz syndrome,HP:0000316|HP:0000978|HP:0001166|HP:0001363|HP:0001382|HP:0001634|HP:0002099|HP:0002616|HP:0002647|HP:0002705|HP:0004942|HP:0005116|HP:0012727|HP:0200041,easy
P_loeys_dietz_089,Loeys-Dietz syndrome,HP:0000768|HP:0001382|HP:0001634|HP:0001659|HP:0001763|HP:0002616|HP:0002647|HP:0002705|HP:0005116|HP:0007807,easy
P_loeys_dietz_090,Loeys-Dietz syndrome,HP:0000316|HP:0000767|HP:0000978|HP:0001075|HP:0001363|HP:0001382|HP:0001634|HP:0002616|HP:0002650|HP:0002705|HP:0004942|HP:0005116|HP:0012727|HP:0200041,easy
P_loeys_dietz_091,Loeys-Dietz syndrome,HP:0000193|HP:0000316|HP:0000767|HP:0000978|HP:0001075|HP:0001382|HP:0001659|HP:0002099|HP:0002616|HP:0002650|HP:0004942|HP:0005116|HP:0007807|HP:0200041,easy
P_loeys_dietz_092,Loeys-Dietz syndrome,HP:0000193|HP:0000768|HP:0000978|HP:0001166|HP:0001539|HP:0001634|HP:0002099|HP:0002616|HP:0002647|HP:0002705|HP:0004942|HP:0005116|HP:0007807|HP:0200041,easy
P_loeys_dietz_093,Loeys-Dietz syndrome,HP:0000175|HP:0000193|HP:0000278|HP:0000316|HP:0000768|HP:0000978|HP:0001075|HP:0001634|HP:0001762|HP:0001763|HP:0002616|HP:0002650,easy
P_loeys_dietz_094,Loeys-Dietz syndrome,HP:0000175|HP:0000978|HP:0001075|HP:0001166|HP:0001363|HP:0001659|HP:0002099|HP:0002616|HP:0002647|HP:0002650|HP:0004942|HP:0005116|HP:0007807|HP:0012727,easy
P_loeys_dietz_095,Loeys-Dietz syndrome,HP:0000316|HP:0000767|HP:0000768|HP:0001363|HP:0001371|HP:0001539|HP:0001634|HP:0001659|HP:0001763|HP:0002616|HP:0002650|HP:0002705|HP:0004942|HP:0005116|HP:0007807|HP:0200041,easy
P_loeys_dietz_096,Loeys-Dietz syndrome,HP:0000193|HP:0000316|HP:0000767|HP:0000768|HP:0000978|HP:0001166|HP:0001363|HP:0001371|HP:0001659|HP:0002616|HP:0002647|HP:0002705|HP:0004942|HP:0005116,easy
P_loeys_dietz_097,Loeys-Dietz syndrome,HP:0000175|HP:0000193|HP:0000316|HP:0000767|HP:0001763|HP:0002099|HP:0002616|HP:0002647|HP:0002650|HP:0002705|HP:0004942|HP:0005116|HP:0012727,easy
P_loeys_dietz_098,Loeys-Dietz syndrome,HP:0000278|HP:0000316|HP:0000768|HP:0000978|HP:0001075|HP:0001166|HP:0001363|HP:0001371|HP:0001634|HP:0001659|HP:0001762|HP:0001763|HP:0002616|HP:0002705|HP:0004942|HP:0012727,easy
P_loeys_dietz_099,Loeys-Dietz syndrome,HP:0000978|HP:0001075|HP:0001166|HP:0001634|HP:0001659|HP:0002616|HP:0002647|HP:0002650|HP:0002705|HP:0004942|HP:0005116|HP:0007807|HP:0012727|HP:0200041,easy
P_loeys_dietz_100,Loeys-Dietz syndrome,HP:0000175|HP:0000316|HP:0000978|HP:0001371|HP:0001382|HP:0001634|HP:0002616|HP:0002647|HP:0002650|HP:0004942|HP:0005116|HP:0200041,easy
P_loeys_dietz_101,Loeys-Dietz syndrome,HP:0000175|HP:0000278|HP:0000767|HP:0000978|HP:0001075|HP:0001166|HP:0001371|HP:0001382|HP:0001659|HP:0001763|HP:0002616|HP:0002647|HP:0002650|HP:0004942|HP:0005116|HP:0007807|HP:0200041,easy
P_loeys_dietz_102,Loeys-Dietz syndrome,HP:0000316|HP:0000768|HP:0001539|HP:0001634|HP:0001763|HP:0002099|HP:0002616|HP:0002647|HP:0005116|HP:0012727|HP:0200041,easy
P_loeys_dietz_103,Loeys-Dietz syndrome,HP:0000175|HP:0000193|HP:0000316|HP:0000767|HP:0000978|HP:0001166|HP:0001634|HP:0001763|HP:0002099|HP:0002616|HP:0002647|HP:0005116|HP:0012727|HP:0200041,easy
P_loeys_dietz_104,Loeys-Dietz syndrome,HP:0000767|HP:0000768|HP:0000978|HP:0001075|HP:0001166|HP:0001371|HP:0001382|HP:0001659|HP:0002616|HP:0002647|HP:0002705|HP:0004942|HP:0005116|HP:0007807|HP:0012727|HP:0200041,easy
P_loeys_dietz_105,Loeys-Dietz syndrome,HP:0000767|HP:0000978|HP:0001075|HP:0001382|HP:0001762|HP:0001763|HP:0002616|HP:0002647|HP:0002650|HP:0002705|HP:0005116,easy
P_loeys_dietz_106,Loeys-Dietz syndrome,HP:0000175|HP:0000193|HP:0000316|HP:0000978|HP:0001075|HP:0001166|HP:0001371|HP:0001382|HP:0001634|HP:0001659|HP:0001762|HP:0001763|HP:0002099|HP:0002616|HP:0002650|HP:0005116|HP:0007807|HP:0012727,easy
P_loeys_dietz_107,Loeys-Dietz syndrome,HP:0000193|HP:0000316|HP:0000978|HP:0001075|HP:0001382|HP:0001634|HP:0001762|HP:0001763|HP:0002099|HP:0002616|HP:0002647|HP:0002705|HP:0005116|HP:0007807|HP:0200041,easy
P_loeys_dietz_108,Loeys-Dietz syndrome,HP:0000768|HP:0000978|HP:0001075|HP:0001166|HP:0001363|HP:0001382|HP:0002616|HP:0002647|HP:0002650|HP:0004942|HP:0005116|HP:0007807|HP:0200041,easy
P_loeys_dietz_109,Loeys-Dietz syndrome,HP:0000316|HP:0000767|HP:0000978|HP:0001166|HP:0001539|HP:0001763|HP:0002099|HP:0002616|HP:0002647|HP:0002650|HP:0002705|HP:0004942|HP:0005116|HP:0007807|HP:0012727|HP:0200041,easy
P_loeys_dietz_110,Loeys-Dietz syndrome,HP:0000175|HP:0000193|HP:0000978|HP:0001166|HP:0001371|HP:0001634|HP:0001762|HP:0001763|HP:0002099|HP:0002616|HP:0002647|HP:0002705|HP:0004942|HP:0005116|HP:0200041,easy
P_loeys_dietz_111,Loeys-Dietz syndrome,HP:0000316|HP:0001371|HP:0001382|HP:0004942|HP:0005116|HP:0007807|HP:0012727,easy
P_loeys_dietz_112,Loeys-Dietz syndrome,HP:0000193|HP:0000316|HP:0000767|HP:0000978|HP:0001075|HP:0001166|HP:0001363|HP:0001382|HP:0002616|HP:0002705|HP:0004942|HP:0005116|HP:0012727,easy
P_loeys_dietz_113,Loeys-Dietz syndrome,HP:0000193|HP:0000278|HP:0000316|HP:0000767|HP:0000768|HP:0000978|HP:0001382|HP:0001762|HP:0001763|HP:0002616|HP:0002650|HP:0002705|HP:0004942|HP:0005116|HP:0007807|HP:0012727|HP:0200041,easy
P_loeys_dietz_114,Loeys-Dietz syndrome,HP:0000175|HP:0000316|HP:0000768|HP:0000978|HP:0001166|HP:0001363|HP:0001382|HP:0001634|HP:0001763|HP:0002099|HP:0002616|HP:0002647|HP:0004942|HP:0005116|HP:0012727|HP:0200041,easy
P_loeys_dietz_115,Loeys-Dietz syndrome,HP:0000175|HP:0000193|HP:0000278|HP:0000316|HP:0000767|HP:0001075|HP:0001166|HP:0001634|HP:0001762|HP:0002616|HP:0002647|HP:0004942|HP:0005116|HP:0007807|HP:0012727|HP:0200041,easy
P_loeys_dietz_116,Loeys-Dietz syndrome,HP:0000175|HP:0000193|HP:0000508|HP:0000767|HP:0001075|HP:0001252|HP:0001634|HP:0001762|HP:0002616|HP:0002705|HP:0004942|HP:0005116|HP:0200041,easy
P_loeys_dietz_117,Loeys-Dietz syndrome,HP:0000175|HP:0000193|HP:0000316|HP:0000978|HP:0001166|HP:0001363|HP:0001371|HP:0001382|HP:0001539|HP:0001634|HP:0002099|HP:0002616|HP:0002647|HP:0002650|HP:0002705|HP:0005116|HP:0012727,easy
P_loeys_dietz_118,Loeys-Dietz syndrome,HP:0000193|HP:0001075|HP:0001166|HP:0001371|HP:0001382|HP:0001659|HP:0001762|HP:0001763|HP:0002616|HP:0002650|HP:0005116|HP:0007807|HP:0200041,easy
P_loeys_dietz_119,Loeys-Dietz syndrome,HP:0000316|HP:0000768|HP:0001363|HP:0001382|HP:0001659|HP:0002616|HP:0002705|HP:0004942|HP:0005116|HP:0200041,easy
P_loeys_dietz_120,Loeys-Dietz syndrome,HP:0000175|HP:0000316|HP:0000768|HP:0001166|HP:0001371|HP:0002616|HP:0002647|HP:0002650|HP:0005116|HP:0007807|HP:0012727|HP:0200041,easy
P_loeys_dietz_121,Loeys-Dietz syndrome,HP:0000768|HP:0000978|HP:0001539|HP:0001763|HP:0002616|HP:0002647|HP:0002705|HP:0005116|HP:0200041,easy
P_loeys_dietz_122,Loeys-Dietz syndrome,HP:0000175|HP:0000193|HP:0000316|HP:0000978|HP:0001075|HP:0001371|HP:0001382|HP:0001659|HP:0002616|HP:0002647|HP:0005116|HP:0007807|HP:0200041,easy
P_loeys_dietz_123,Loeys-Dietz syndrome,HP:0000175|HP:0000278|HP:0000316|HP:0000767|HP:0001166|HP:0001363|HP:0002616|HP:0002650|HP:0002705|HP:0004942|HP:0005116|HP:0007807|HP:0200041,easy
P_loeys_dietz_124,Loeys-Dietz syndrome,HP:0000768|HP:0000978|HP:0001075|HP:0001166|HP:0001382|HP:0001634|HP:0001763|HP:0002099|HP:0002616|HP:0002647|HP:0002650|HP:0004942|HP:0005116|HP:0007807|HP:0012727,easy
P_loeys_dietz_125,Loeys-Dietz syndrome,HP:0000316|HP:0000768|HP:0000978|HP:0001166|HP:0001363|HP:0002616|HP:0002647|HP:0002705|HP:0004942|HP:0005116|HP:0200041,easy
P_loeys_dietz_126,Loeys-Dietz syndrome,HP:0000316|HP:0000767|HP:0000768|HP:0000978|HP:0001166|HP:0001371|HP:0001382|HP:0001634|HP:0001763|HP:0002099|HP:0002647|HP:0002650|HP:0005116|HP:0200041,easy
P_loeys_dietz_127,Loeys-Dietz syndrome,HP:0000193|HP:0000316|HP:0000767|HP:0000978|HP:0001166|HP:0001382|HP:0001539|HP:0001763|HP:0002616|HP:0002647|HP:0004942|HP:0005116|HP:0007807|HP:0200041,easy
P_loeys_dietz_128,Loeys-Dietz syndrome,HP:0000175|HP:0000193|HP:0000316|HP:0000978|HP:0001075|HP:0001166|HP:0001363|HP:0001382|HP:0001539|HP:0001659|HP:0001763|HP:0002099|HP:0002616|HP:0002647|HP:0004942|HP:0005116|HP:0007807|HP:0012727|HP:0200041,easy
P_loeys_dietz_129,Loeys-Dietz syndrome,HP:0000193|HP:0000767|HP:0001075|HP:0001363|HP:0001371|HP:0001634|HP:0001659|HP:0002647|HP:0002650|HP:0005116|HP:0007807,easy
P_loeys_dietz_130,Loeys-Dietz syndrome,HP:0000175|HP:0000316|HP:0001166|HP:0001763|HP:0002616|HP:0002647|HP:0002705|HP:0004942|HP:0005116|HP:0007807|HP:0012727|HP:0200041,easy
P_loeys_dietz_131,Loeys-Dietz syndrome,HP:0000193|HP:0000316|HP:0000767|HP:0000768|HP:0001634|HP:0001659|HP:0001763|HP:0002616|HP:0002647|HP:0004942|HP:0007807|HP:0012727,easy
P_loeys_dietz_132,Loeys-Dietz syndrome,HP:0000175|HP:0000193|HP:0000316|HP:0000978|HP:0001371|HP:0001382|HP:0001763|HP:0002616|HP:0002650|HP:0004942|HP:0005116|HP:0007807|HP:0200041,easy
P_loeys_dietz_133,Loeys-Dietz syndrome,HP:0000278|HP:0000316|HP:0000978|HP:0001166|HP:0001382|HP:0002099|HP:0002616|HP:0002647|HP:0005116,easy
P_loeys_dietz_134,Loeys-Dietz syndrome,HP:0000175|HP:0000316|HP:0000768|HP:0001166|HP:0001371|HP:0001382|HP:0001634|HP:0001762|HP:0001763|HP:0002099|HP:0002616|HP:0002647|HP:0002650|HP:0004942|HP:0005116|HP:0007807|HP:0200041,easy
P_loeys_dietz_135,Loeys-Dietz syndrome,HP:0000278|HP:0000316|HP:0000768|HP:0001075|HP:0001166|HP:0001382|HP:0002099|HP:0002616|HP:0002650|HP:0002705|HP:0012727,easy
P_loeys_dietz_136,Loeys-Dietz syndrome,HP:0000193|HP:0000316|HP:0000978|HP:0001363|HP:0001382|HP:0001659|HP:0002616|HP:0002647|HP:0002650|HP:0005116|HP:0007807|HP:0200041,easy
P_loeys_dietz_137,Loeys-Dietz syndrome,HP:0000278|HP:0000316|HP:0001166|HP:0001363|HP:0001539|HP:0001762|HP:0001763|HP:0002616|HP:0002647|HP:0004942|HP:0005116|HP:0007807,easy
P_loeys_dietz_138,Loeys-Dietz syndrome,HP:0000316|HP:0000767|HP:0000768|HP:0000978|HP:0001166|HP:0001363|HP:0001371|HP:0001382|HP:0001659|HP:0001763|HP:0002099|HP:0002647|HP:0002705|HP:0004942|HP:0005116|HP:0200041,easy
P_loeys_dietz_139,Loeys-Dietz syndrome,HP:0000278|HP:0000316|HP:0000978|HP:0001166|HP:0001363|HP:0001382|HP:0001634|HP:0001659|HP:0001762|HP:0002616|HP:0002647|HP:0002650|HP:0002705|HP:0004942|HP:0005116|HP:0007807,easy
P_loeys_dietz_140,Loeys-Dietz syndrome,HP:0000175|HP:0000316|HP:0000768|HP:0000978|HP:0001075|HP:0001382|HP:0001634|HP:0001762|HP:0001763|HP:0002099|HP:0002616|HP:0002647|HP:0002650|HP:0002705|HP:0005116|HP:0012727|HP:0200041,easy
P_loeys_dietz_141,Loeys-Dietz syndrome,HP:0000193|HP:0001075|HP:0001166|HP:0001634|HP:0001762|HP:0002616|HP:0002705|HP:0005116|HP:0007807|HP:0012727|HP:0200041,easy
P_loeys_dietz_142,Loeys-Dietz syndrome,HP:0000193|HP:0000316|HP:0000978|HP:0001166|HP:0002099|HP:0002616|HP:0002647|HP:0002705|HP:0004942|HP:0005116|HP:0200041,easy
P_loeys_dietz_143,Loeys-Dietz syndrome,HP:0000175|HP:0000193|HP:0000316|HP:0000767|HP:0000978|HP:0001166|HP:0001382|HP:0001634|HP:0001659|HP:0001762|HP:0002099|HP:0002616|HP:0002647|HP:0004942|HP:0005116|HP:0007807|HP:0012727|HP:0200041,easy
P_loeys_dietz_144,Loeys-Dietz syndrome,HP:0000193|HP:0000978|HP:0001075|HP:0001166|HP:0001371|HP:0001382|HP:0001539|HP:0001659|HP:0002099|HP:0002616|HP:0002650|HP:0002705|HP:0004942|HP:0005116|HP:0007807|HP:0012727|HP:0200041,easy
P_loeys_dietz_145,Loeys-Dietz syndrome,HP:0000193|HP:0000316|HP:0000978|HP:0001075|HP:0001382|HP:0002616|HP:0002647|HP:0002650|HP:0004942|HP:0007807|HP:0012727|HP:0200041,easy
P_loeys_dietz_146,Loeys-Dietz syndrome,HP:0000193|HP:0000316|HP:0000768|HP:0001075|HP:0001363|HP:0001634|HP:0002099|HP:0002616|HP:0002647|HP:0002650|HP:0004942|HP:0005116|HP:0007807|HP:0012727,easy
P_loeys_dietz_147,Loeys-Dietz syndrome,HP:0000175|HP:0000193|HP:0000278|HP:0000768|HP:0000978|HP:0001371|HP:0001382|HP:0001539|HP:0001763|HP:0002616|HP:0002647|HP:0002705|HP:0004942|HP:0005116|HP:0007807|HP:0012727|HP:0200041,easy
P_loeys_dietz_148,Loeys-Dietz syndrome,HP:0000193|HP:0000316|HP:0001075|HP:0001634|HP:0001659|HP:0001762|HP:0002616|HP:0002647|HP:0002650|HP:0004942|HP:0005116|HP:0200041,easy
P_loeys_dietz_149,Loeys-Dietz syndrome,HP:0000316|HP:0000768|HP:0000978|HP:0001166|HP:0001762|HP:0001763|HP:0002099|HP:0002616|HP:0005116|HP:0007807|HP:0012727,easy
P_loeys_dietz_150,Loeys-Dietz syndrome,HP:0000278|HP:0000316|HP:0001166|HP:0001539|HP:0001762|HP:0001763|HP:0002616|HP:0002647|HP:0005116|HP:0200041,easy
P_loeys_dietz_151,Loeys-Dietz syndrome,HP:0000193|HP:0000316|HP:0000768|HP:0001166|HP:0001371|HP:0001382|HP:0001539|HP:0001762|HP:0001763|HP:0002616|HP:0002650|HP:0004942|HP:0005116|HP:0012727|HP:0200041,easy
P_loeys_dietz_152,Loeys-Dietz syndrome,HP:0000316|HP:0001075|HP:0001371|HP:0001634|HP:0001659|HP:0001763|HP:0002099|HP:0002616|HP:0002647|HP:0002705|HP:0004942|HP:0007807|HP:0012727,easy
P_loeys_dietz_153,Loeys-Dietz syndrome,HP:0000175|HP:0001166|HP:0001539|HP:0001634|HP:0002616|HP:0002650|HP:0002705|HP:0004942|HP:0005116|HP:0007807,easy
P_loeys_dietz_154,Loeys-Dietz syndrome,HP:0000278|HP:0000316|HP:0000768|HP:0000978|HP:0001539|HP:0001762|HP:0002616|HP:0004942|HP:0007807|HP:0012727,easy
P_loeys_dietz_155,Loeys-Dietz syndrome,HP:0000193|HP:0000278|HP:0000316|HP:0000978|HP:0001166|HP:0001539|HP:0001634|HP:0001762|HP:0002099|HP:0002616|HP:0002647|HP:0007807|HP:0012727,easy
P_loeys_dietz_156,Loeys-Dietz syndrome,HP:0000278|HP:0000316|HP:0000978|HP:0001075|HP:0001166|HP:0001762|HP:0001763|HP:0002099|HP:0002616|HP:0004942|HP:0005116|HP:0012727|HP:0200041,easy
P_loeys_dietz_157,Loeys-Dietz syndrome,HP:0000767|HP:0000768|HP:0000978|HP:0001075|HP:0001166|HP:0001382|HP:0001634|HP:0002616|HP:0002647|HP:0002650|HP:0002705|HP:0005116|HP:0007807|HP:0012727,easy
P_loeys_dietz_158,Loeys-Dietz syndrome,HP:0000193|HP:0000316|HP:0000978|HP:0001075|HP:0001166|HP:0001371|HP:0001382|HP:0001763|HP:0002099|HP:0002616|HP:0002647|HP:0007807,easy
P_loeys_dietz_159,Loeys-Dietz syndrome,HP:0000175|HP:0000278|HP:0000767|HP:0000978|HP:0001075|HP:0001166|HP:0001371|HP:0001382|HP:0001762|HP:0001763|HP:0002099|HP:0002616|HP:0002650|HP:0002705|HP:0005116|HP:0200041,easy
P_loeys_dietz_160,Loeys-Dietz syndrome,HP:0000193|HP:0000316|HP:0000767|HP:0000768|HP:0000978|HP:0001075|HP:0001166|HP:0001382|HP:0001634|HP:0001763|HP:0002616|HP:0002647|HP:0002650|HP:0002705|HP:0004942|HP:0005116|HP:0007807|HP:0200041,easy
P_loeys_dietz_161,Loeys-Dietz syndrome,HP:0000193|HP:0000316|HP:0000768|HP:0000978|HP:0001075|HP:0001166|HP:0001371|HP:0001382|HP:0001659|HP:0002616|HP:0002647|HP:0004942|HP:0005116|HP:0007807,easy
P_loeys_dietz_162,Loeys-Dietz syndrome,HP:0000193|HP:0001371|HP:0001634|HP:0001659|HP:0002616|HP:0002705|HP:0004942|HP:0005116|HP:0007807|HP:0200041,easy
P_loeys_dietz_163,Loeys-Dietz syndrome,HP:0000175|HP:0000193|HP:0000316|HP:0000768|HP:0000978|HP:0001075|HP:0001371|HP:0001539|HP:0002650|HP:0004942|HP:0005116|HP:0007807|HP:0012727|HP:0200041,easy
P_loeys_dietz_164,Loeys-Dietz syndrome,HP:0000193|HP:0000767|HP:0000768|HP:0001382|HP:0001634|HP:0002616|HP:0005116|HP:0200041,easy
P_loeys_dietz_165,Loeys-Dietz syndrome,HP:0000978|HP:0001075|HP:0001371|HP:0001382|HP:0001539|HP:0001659|HP:0001762|HP:0001763|HP:0002616|HP:0002647|HP:0002705|HP:0004942|HP:0007807|HP:0200041,easy
P_loeys_dietz_166,Loeys-Dietz syndrome,HP:0000278|HP:0000316|HP:0000978|HP:0001166|HP:0001371|HP:0001634|HP:0001659|HP:0001762|HP:0002616|HP:0002647|HP:0002650|HP:0005116,easy
P_loeys_dietz_167,Loeys-Dietz syndrome,HP:0000175|HP:0000193|HP:0000316|HP:0000767|HP:0000978|HP:0001075|HP:0001166|HP:0001382|HP:0001659|HP:0001763|HP:0002099|HP:0002616|HP:0002647|HP:0002650|HP:0004942|HP:0007807|HP:0012727|HP:0200041,easy
P_loeys_dietz_168,Loeys-Dietz syndrome,HP:0000193|HP:0000278|HP:0000767|HP:0000978|HP:0001075|HP:0001166|HP:0001363|HP:0001382|HP:0001659|HP:0002650|HP:0002705|HP:0004942|HP:0005116|HP:0007807|HP:0200041,easy
P_loeys_dietz_169,Loeys-Dietz syndrome,HP:0000193|HP:0000316|HP:0000767|HP:0000768|HP:0001363|HP:0001371|HP:0001382|HP:0001634|HP:0001659|HP:0002099|HP:0002616|HP:0002650|HP:0002705|HP:0004942|HP:0005116|HP:0012727|HP:0200041,easy
P_loeys_dietz_170,Loeys-Dietz syndrome,HP:0000316|HP:0000768|HP:0000978|HP:0001075|HP:0001382|HP:0001539|HP:0001634|HP:0001659|HP:0002099|HP:0002616|HP:0002647|HP:0002650|HP:0004942|HP:0005116|HP:0007807|HP:0012727|HP:0200041,easy
P_loeys_dietz_171,Loeys-Dietz syndrome,HP:0000193|HP:0000278|HP:0000316|HP:0001075|HP:0001166|HP:0001363|HP:0001659|HP:0002099|HP:0002616|HP:0004942|HP:0005116|HP:0007807|HP:0200041,easy
P_loeys_dietz_172,Loeys-Dietz syndrome,HP:0000193|HP:0000278|HP:0000316|HP:0001075|HP:0001166|HP:0001634|HP:0001659|HP:0001763|HP:0002616|HP:0002705|HP:0004942|HP:0005116|HP:0007807,easy
P_loeys_dietz_173,Loeys-Dietz syndrome,HP:0000175|HP:0000316|HP:0001075|HP:0001166|HP:0001382|HP:0001659|HP:0002099|HP:0002616|HP:0002650|HP:0002705|HP:0005116|HP:0200041,easy
P_loeys_dietz_174,Loeys-Dietz syndrome,HP:0000175|HP:0000193|HP:0000316|HP:0000768|HP:0000978|HP:0001166|HP:0001363|HP:0001382|HP:0001659|HP:0001763|HP:0002099|HP:0002616|HP:0004942|HP:0005116|HP:0007807|HP:0012727|HP:0200041,easy
P_loeys_dietz_175,Loeys-Dietz syndrome,HP:0000193|HP:0000278|HP:0000316|HP:0001075|HP:0001166|HP:0001382|HP:0001659|HP:0001763|HP:0002616|HP:0004942|HP:0005116|HP:0007807|HP:0012727,easy
P_loeys_dietz_176,Loeys-Dietz syndrome,HP:0000175|HP:0000193|HP:0000767|HP:0000768|HP:0000978|HP:0001075|HP:0001166|HP:0001659|HP:0002616|HP:0002647|HP:0002650|HP:0004942|HP:0005116|HP:0012727|HP:0200041,easy
P_loeys_dietz_177,Loeys-Dietz syndrome,HP:0000278|HP:0000316|HP:0001382|HP:0001763|HP:0002616|HP:0002647|HP:0002705|HP:0004942|HP:0005116|HP:0012727,easy
P_loeys_dietz_178,Loeys-Dietz syndrome,HP:0000175|HP:0000193|HP:0000316|HP:0000978|HP:0001075|HP:0001166|HP:0001371|HP:0001539|HP:0001659|HP:0002616|HP:0002650|HP:0002705|HP:0004942|HP:0005116|HP:0012727|HP:0200041,easy
P_loeys_dietz_179,Loeys-Dietz syndrome,HP:0000278|HP:0000316|HP:0000767|HP:0001166|HP:0001363|HP:0001371|HP:0001382|HP:0001539|HP:0001659|HP:0002616|HP:0002647|HP:0002650|HP:0002705|HP:0005116|HP:0200041,easy
P_loeys_dietz_180,Loeys-Dietz syndrome,HP:0000175|HP:0000316|HP:0000767|HP:0000768|HP:0001075|HP:0001166|HP:0001659|HP:0002616|HP:0002647|HP:0002705|HP:0005116|HP:0012727|HP:0200041,easy
P_loeys_dietz_181,Loeys-Dietz syndrome,HP:0000175|HP:0000316|HP:0000978|HP:0001075|HP:0001166|HP:0001371|HP:0001382|HP:0001539|HP:0001634|HP:0001763|HP:0002616|HP:0004942|HP:0005116|HP:0007807|HP:0200041,easy
P_loeys_dietz_182,Loeys-Dietz syndrome,HP:0000175|HP:0000278|HP:0000316|HP:0000767|HP:0000978|HP:0001166|HP:0001382|HP:0001659|HP:0001763|HP:0002616|HP:0002647|HP:0002705|HP:0005116|HP:0007807,easy
P_loeys_dietz_183,Loeys-Dietz syndrome,HP:0000193|HP:0000278|HP:0000767|HP:0000978|HP:0001075|HP:0001382|HP:0001539|HP:0001634|HP:0001659|HP:0002616|HP:0002650|HP:0004942|HP:0005116|HP:0007807|HP:0012727,easy
P_loeys_dietz_184,Loeys-Dietz syndrome,HP:0000278|HP:0000316|HP:0001075|HP:0001166|HP:0001371|HP:0001762|HP:0002099|HP:0002647|HP:0004942|HP:0005116|HP:0200041,easy
P_loeys_dietz_185,Loeys-Dietz syndrome,HP:0000175|HP:0000193|HP:0000316|HP:0000768|HP:0000978|HP:0001075|HP:0001166|HP:0001382|HP:0001659|HP:0001763|HP:0002616|HP:0002647|HP:0002650|HP:0002705|HP:0004942|HP:0005116|HP:0007807|HP:0012727|HP:0200041,easy
P_loeys_dietz_186,Loeys-Dietz syndrome,HP:0000316|HP:0000978|HP:0001075|HP:0001166|HP:0001363|HP:0001539|HP:0001634|HP:0001763|HP:0002616|HP:0002647|HP:0002650|HP:0004942|HP:0005116|HP:0007807,easy
P_loeys_dietz_187,Loeys-Dietz syndrome,HP:0000175|HP:0000193|HP:0000316|HP:0000767|HP:0000978|HP:0001075|HP:0001166|HP:0001382|HP:0001634|HP:0001762|HP:0002099|HP:0002647|HP:0002705|HP:0004942|HP:0005116|HP:0012727,easy
P_loeys_dietz_188,Loeys-Dietz syndrome,HP:0000193|HP:0000347|HP:0000978|HP:0001075|HP:0001166|HP:0001371|HP:0001382|HP:0001634|HP:0001763|HP:0002647|HP:0004942|HP:0007807|HP:0012727|HP:0200041,easy
P_loeys_dietz_189,Loeys-Dietz syndrome,HP:0000193|HP:0000278|HP:0000316|HP:0000767|HP:0000978|HP:0001166|HP:0001363|HP:0001382|HP:0001762|HP:0002099|HP:0002616|HP:0002647|HP:0002705|HP:0005116|HP:0012727|HP:0200041,easy
P_loeys_dietz_190,Loeys-Dietz syndrome,HP:0000193|HP:0000278|HP:0000316|HP:0000767|HP:0000768|HP:0000978|HP:0001166|HP:0001363|HP:0001634|HP:0001763|HP:0002616|HP:0002647|HP:0004942|HP:0005116|HP:0007807|HP:0200041,easy
P_loeys_dietz_191,Loeys-Dietz syndrome,HP:0000175|HP:0000193|HP:0000278|HP:0000316|HP:0000767|HP:0000978|HP:0001166|HP:0001363|HP:0001371|HP:0001382|HP:0001634|HP:0001763|HP:0002616|HP:0002647|HP:0002705|HP:0004942|HP:0005116|HP:0007807|HP:0012727|HP:0200041,easy
P_loeys_dietz_192,Loeys-Dietz syndrome,HP:0000278|HP:0001075|HP:0001166|HP:0001539|HP:0001634|HP:0001762|HP:0001763|HP:0002099|HP:0002647|HP:0002650|HP:0004942|HP:0005116|HP:0007807|HP:0012727,easy
P_loeys_dietz_193,Loeys-Dietz syndrome,HP:0000193|HP:0000316|HP:0000978|HP:0001166|HP:0001371|HP:0001763|HP:0002616|HP:0002705|HP:0004942|HP:0005116|HP:0012727,easy
P_loeys_dietz_194,Loeys-Dietz syndrome,HP:0000175|HP:0000193|HP:0000278|HP:0000316|HP:0000767|HP:0000768|HP:0000978|HP:0001363|HP:0001382|HP:0001539|HP:0001659|HP:0001763|HP:0002616|HP:0002647|HP:0002705|HP:0004942|HP:0005116|HP:0007807|HP:0012727|HP:0200041,easy
P_loeys_dietz_195,Loeys-Dietz syndrome,HP:0000278|HP:0000316|HP:0000978|HP:0001075|HP:0001166|HP:0001363|HP:0001371|HP:0001382|HP:0001763|HP:0002616|HP:0004942|HP:0005116|HP:0012727|HP:0200041,easy
P_loeys_dietz_196,Loeys-Dietz syndrome,HP:0000193|HP:0000316|HP:0001075|HP:0001166|HP:0001363|HP:0001371|HP:0001634|HP:0001659|HP:0001762|HP:0002099|HP:0002616|HP:0002647|HP:0002650|HP:0004942|HP:0005116|HP:0007807|HP:0012727,easy
P_loeys_dietz_197,Loeys-Dietz syndrome,HP:0000175|HP:0000278|HP:0000316|HP:0000768|HP:0000978|HP:0001166|HP:0001363|HP:0001382|HP:0001659|HP:0002099|HP:0002616|HP:0002647|HP:0002650|HP:0004942|HP:0005116|HP:0007807,easy
P_loeys_dietz_198,Loeys-Dietz syndrome,HP:0000175|HP:0000316|HP:0000768|HP:0000978|HP:0001166|HP:0001363|HP:0001371|HP:0001539|HP:0001634|HP:0002616|HP:0002650|HP:0004942|HP:0005116|HP:0007807|HP:0200041,easy
P_loeys_dietz_199,Loeys-Dietz syndrome,HP:0000316|HP:0000767|HP:0000978|HP:0001166|HP:0001382|HP:0001634|HP:0001763|HP:0002616|HP:0002647|HP:0002650|HP:0005116|HP:0007807,easy
P_beals_000,Beals syndrome,HP:0000377|HP:0000767|HP:0000768|HP:0001166|HP:0001182|HP:0001371|HP:0001634|HP:0002705|HP:0002987|HP:0003199|HP:0006380,easy
P_beals_001,Beals syndrome,HP:0000268|HP:0000377|HP:0000767|HP:0001182|HP:0001371|HP:0001762|HP:0002987|HP:0003199,easy
P_beals_002,Beals syndrome,HP:0000098|HP:0000377|HP:0001166|HP:0001371|HP:0001762|HP:0002616|HP:0002751|HP:0002987|HP:0003199|HP:0006380,easy
P_beals_003,Beals syndrome,HP:0000377|HP:0000768|HP:0001166|HP:0001182|HP:0001371|HP:0001634|HP:0002616|HP:0002650|HP:0002705|HP:0002987|HP:0006380,easy
P_beals_004,Beals syndrome,HP:0000098|HP:0000268|HP:0000377|HP:0000767|HP:0000768|HP:0001166|HP:0001182|HP:0002987|HP:0003199|HP:0006380,easy
P_beals_005,Beals syndrome,HP:0000377|HP:0000768|HP:0001166|HP:0001182|HP:0001371|HP:0002705|HP:0002987|HP:0003199|HP:0006380,easy
P_beals_006,Beals syndrome,HP:0000098|HP:0000268|HP:0000377|HP:0000768|HP:0001166|HP:0001182|HP:0001371|HP:0002650|HP:0002751|HP:0003199,easy
P_beals_007,Beals syndrome,HP:0000377|HP:0000768|HP:0001166|HP:0001182|HP:0002650|HP:0002751|HP:0003199|HP:0006380,easy
P_beals_008,Beals syndrome,HP:0000098|HP:0000377|HP:0000767|HP:0001166|HP:0001182|HP:0001371|HP:0002751|HP:0002987|HP:0006380,easy
P_beals_009,Beals syndrome,HP:0000098|HP:0000377|HP:0000767|HP:0000768|HP:0001182|HP:0001371|HP:0001634|HP:0002650|HP:0002987|HP:0003199|HP:0006380,easy
P_beals_010,Beals syndrome,HP:0000768|HP:0001166|HP:0001371|HP:0001634|HP:0002705|HP:0003199|HP:0006380,easy
P_beals_011,Beals syndrome,HP:0000098|HP:0000377|HP:0000767|HP:0001166|HP:0001182|HP:0001371|HP:0002987|HP:0006380,easy
P_beals_012,Beals syndrome,HP:0000098|HP:0000268|HP:0000377|HP:0000768|HP:0001166|HP:0001371|HP:0002987|HP:0003199|HP:0006380,easy
P_beals_013,Beals syndrome,HP:0000098|HP:0000377|HP:0001166|HP:0001371|HP:0001634|HP:0002650|HP:0002751|HP:0003199|HP:0006380,easy
P_beals_014,Beals syndrome,HP:0000098|HP:0000377|HP:0000767|HP:0000768|HP:0001166|HP:0001182|HP:0001371|HP:0002705|HP:0002751|HP:0003199|HP:0006380,easy
P_beals_015,Beals syndrome,HP:0000098|HP:0000268|HP:0000377|HP:0001166|HP:0001182|HP:0001371|HP:0002650|HP:0002705|HP:0002987,easy
P_beals_016,Beals syndrome,HP:0000098|HP:0000377|HP:0000767|HP:0000768|HP:0001166|HP:0001371|HP:0002616|HP:0002705|HP:0002751|HP:0003199|HP:0006380,easy
P_beals_017,Beals syndrome,HP:0000098|HP:0000268|HP:0000377|HP:0000767|HP:0001166|HP:0001182|HP:0001371|HP:0002705|HP:0002751|HP:0002987|HP:0003199|HP:0006380,easy
P_beals_018,Beals syndrome,HP:0000377|HP:0000768|HP:0001166|HP:0001182|HP:0001371|HP:0001634|HP:0002650|HP:0002705|HP:0002751|HP:0003199,easy
P_beals_019,Beals syndrome,HP:0000098|HP:0000268|HP:0001166|HP:0001182|HP:0001371|HP:0002650|HP:0002705|HP:0002751|HP:0002987|HP:0006380,easy
P_beals_020,Beals syndrome,HP:0000098|HP:0000377|HP:0000767|HP:0000768|HP:0001166|HP:0001182|HP:0001371|HP:0002616|HP:0002705|HP:0002987|HP:0003199,easy
P_beals_021,Beals syndrome,HP:0000098|HP:0000268|HP:0000377|HP:0001166|HP:0001182|HP:0001371|HP:0001634|HP:0002616|HP:0002987|HP:0003199,easy
P_beals_022,Beals syndrome,HP:0000098|HP:0000377|HP:0000767|HP:0000768|HP:0001166|HP:0001182|HP:0001371|HP:0001634|HP:0002650|HP:0002751|HP:0002987|HP:0003199|HP:0006380,easy
P_beals_023,Beals syndrome,HP:0000268|HP:0000768|HP:0001166|HP:0001182|HP:0001371|HP:0002650|HP:0003199|HP:0006380,easy
P_beals_024,Beals syndrome,HP:0000377|HP:0001166|HP:0001371|HP:0002650|HP:0002751|HP:0002987|HP:0003199|HP:0006380,easy
P_beals_025,Beals syndrome,HP:0000098|HP:0000377|HP:0000768|HP:0001166|HP:0001182|HP:0001371|HP:0002987|HP:0006380,easy
P_beals_026,Beals syndrome,HP:0000377|HP:0000767|HP:0001166|HP:0001182|HP:0001371|HP:0001634|HP:0002705|HP:0002987|HP:0003199,easy
P_beals_027,Beals syndrome,HP:0000098|HP:0000377|HP:0000767|HP:0000768|HP:0001166|HP:0001371|HP:0001762|HP:0002650|HP:0002751|HP:0002987|HP:0003199,easy
P_beals_028,Beals syndrome,HP:0000377|HP:0000768|HP:0001166|HP:0001182|HP:0001371|HP:0002705|HP:0006380,easy
P_beals_029,Beals syndrome,HP:0000377|HP:0000767|HP:0001166|HP:0001182|HP:0001371|HP:0002650|HP:0002987|HP:0003199|HP:0006380,easy
P_beals_030,Beals syndrome,HP:0000098|HP:0000377|HP:0000767|HP:0000768|HP:0001166|HP:0001371|HP:0001634|HP:0001762|HP:0002650|HP:0002751,easy
P_beals_031,Beals syndrome,HP:0000098|HP:0000377|HP:0000767|HP:0000768|HP:0001166|HP:0001182|HP:0001371|HP:0002987|HP:0003199,easy
P_beals_032,Beals syndrome,HP:0000268|HP:0000377|HP:0000767|HP:0001166|HP:0001371|HP:0001634|HP:0001762|HP:0002616|HP:0002650|HP:0002705|HP:0002987|HP:0003199|HP:0006380,easy
P_beals_033,Beals syndrome,HP:0000377|HP:0001166|HP:0001182|HP:0001371|HP:0006380,easy
P_beals_034,Beals syndrome,HP:0000098|HP:0000768|HP:0001166|HP:0001371|HP:0001762|HP:0001763|HP:0002616|HP:0002751|HP:0002987|HP:0003199|HP:0006380|HP:0007807,easy
P_beals_035,Beals syndrome,HP:0000098|HP:0000377|HP:0001166|HP:0001182|HP:0001371|HP:0002751|HP:0002987|HP:0003199|HP:0006380,easy
P_beals_036,Beals syndrome,HP:0000377|HP:0001166|HP:0001182|HP:0001371|HP:0002650|HP:0002705|HP:0002751|HP:0003199,easy
P_beals_037,Beals syndrome,HP:0000377|HP:0000768|HP:0001166|HP:0001182|HP:0001371|HP:0002751|HP:0002987|HP:0003199|HP:0006380,easy
P_beals_038,Beals syndrome,HP:0000098|HP:0000268|HP:0000767|HP:0001166|HP:0001182|HP:0001371|HP:0002650|HP:0002751|HP:0002987|HP:0003199|HP:0006380,easy
P_beals_039,Beals syndrome,HP:0000377|HP:0000767|HP:0001166|HP:0001371|HP:0002650|HP:0002705|HP:0002987|HP:0003199|HP:0006380,easy
P_beals_040,Beals syndrome,HP:0000098|HP:0000377|HP:0001182|HP:0001371|HP:0002751|HP:0002987|HP:0003199|HP:0006380,easy
P_beals_041,Beals syndrome,HP:0000098|HP:0000268|HP:0000377|HP:0000767|HP:0000768|HP:0001166|HP:0001182|HP:0001371|HP:0002751|HP:0002987|HP:0006380,easy
P_beals_042,Beals syndrome,HP:0000098|HP:0000268|HP:0000377|HP:0000767|HP:0001166|HP:0001182|HP:0001371|HP:0002987|HP:0003199,easy
P_beals_043,Beals syndrome,HP:0000377|HP:0000768|HP:0001166|HP:0001182|HP:0001371|HP:0002751|HP:0002987,easy
P_beals_044,Beals syndrome,HP:0000098|HP:0000377|HP:0000767|HP:0001166|HP:0001182|HP:0001371|HP:0001762|HP:0002987|HP:0006380,easy
P_beals_045,Beals syndrome,HP:0000098|HP:0000268|HP:0000377|HP:0001166|HP:0001182|HP:0001371|HP:0002650|HP:0002705|HP:0002751|HP:0002987|HP:0003199|HP:0006380,easy
P_beals_046,Beals syndrome,HP:0000098|HP:0000377|HP:0000767|HP:0000768|HP:0001166|HP:0001182|HP:0001371|HP:0002650|HP:0002987|HP:0006380,easy
P_beals_047,Beals syndrome,HP:0000098|HP:0000268|HP:0000377|HP:0001182|HP:0001371|HP:0002650,easy
P_beals_048,Beals syndrome,HP:0000377|HP:0001166|HP:0001182|HP:0001371|HP:0001634|HP:0002650|HP:0002705|HP:0002751|HP:0002987|HP:0003199|HP:0006380,easy
P_beals_049,Beals syndrome,HP:0000098|HP:0000268|HP:0000767|HP:0000768|HP:0001166|HP:0001182|HP:0001371|HP:0001634|HP:0002650|HP:0002751|HP:0003199|HP:0006380,easy
P_beals_050,Beals syndrome,HP:0000377|HP:0000768|HP:0001166|HP:0001182|HP:0001371|HP:0001762|HP:0002650|HP:0002987|HP:0006380,easy
P_beals_051,Beals syndrome,HP:0000098|HP:0000377|HP:0000767|HP:0000768|HP:0001166|HP:0001182|HP:0001371|HP:0001634|HP:0002650|HP:0002705|HP:0003199,easy
P_beals_052,Beals syndrome,HP:0000098|HP:0000377|HP:0000768|HP:0001166|HP:0001182|HP:0001371|HP:0002751|HP:0003199|HP:0006380,easy
P_beals_053,Beals syndrome,HP:0000268|HP:0000377|HP:0000767|HP:0000768|HP:0001166|HP:0001249|HP:0002650|HP:0003199|HP:0006380,easy
P_beals_054,Beals syndrome,HP:0000098|HP:0000268|HP:0000377|HP:0001166|HP:0001182|HP:0001371|HP:0001634|HP:0001762|HP:0002751|HP:0002987|HP:0003199,easy
P_beals_055,Beals syndrome,HP:0000767|HP:0001166|HP:0001182|HP:0001371|HP:0002650|HP:0002751|HP:0002987|HP:0003199,easy
P_beals_056,Beals syndrome,HP:0000377|HP:0000767|HP:0000768|HP:0001166|HP:0001182|HP:0001371|HP:0002987,easy
P_beals_057,Beals syndrome,HP:0000098|HP:0000377|HP:0000768|HP:0001166|HP:0001182|HP:0001371|HP:0001634|HP:0002987|HP:0003199|HP:0006380,easy
P_beals_058,Beals syndrome,HP:0000098|HP:0000377|HP:0000767|HP:0001166|HP:0001182|HP:0001371|HP:0001762|HP:0002650|HP:0002751|HP:0002987|HP:0003199|HP:0006380,easy
P_beals_059,Beals syndrome,HP:0000098|HP:0000268|HP:0000377|HP:0001166|HP:0001182|HP:0001371|HP:0002650|HP:0002987|HP:0006380,easy
P_beals_060,Beals syndrome,HP:0000098|HP:0000377|HP:0000767|HP:0000768|HP:0001166|HP:0001371|HP:0001762|HP:0002650|HP:0002751|HP:0002987|HP:0006380,easy
P_beals_061,Beals syndrome,HP:0000098|HP:0000377|HP:0001166|HP:0001182|HP:0001371|HP:0002987|HP:0003199|HP:0006380,easy
P_beals_062,Beals syndrome,HP:0000377|HP:0000767|HP:0000768|HP:0001166|HP:0001182|HP:0001371|HP:0002650|HP:0002751|HP:0002987|HP:0003199|HP:0006380,easy
P_beals_063,Beals syndrome,HP:0000098|HP:0000377|HP:0000768|HP:0001166|HP:0001182|HP:0001371|HP:0002650|HP:0002751|HP:0003199|HP:0006380,easy
P_beals_064,Beals syndrome,HP:0000098|HP:0001166|HP:0001182|HP:0001371|HP:0001762|HP:0001763|HP:0002650|HP:0002705|HP:0002987|HP:0003199|HP:0006380,easy
P_beals_065,Beals syndrome,HP:0000268|HP:0000377|HP:0000767|HP:0001166|HP:0001182|HP:0001371|HP:0001762|HP:0002987|HP:0003199,easy
P_beals_066,Beals syndrome,HP:0000268|HP:0000377|HP:0000768|HP:0001166|HP:0001182|HP:0001371|HP:0001762|HP:0002705|HP:0002751|HP:0002987|HP:0003199|HP:0006380,easy
P_beals_067,Beals syndrome,HP:0000098|HP:0000268|HP:0000377|HP:0001065|HP:0001166|HP:0001182|HP:0002987|HP:0003199|HP:0006380,easy
P_beals_068,Beals syndrome,HP:0000377|HP:0001166|HP:0001182|HP:0001371|HP:0002705|HP:0002751|HP:0002987|HP:0003199|HP:0006380,easy
P_beals_069,Beals syndrome,HP:0000268|HP:0000377|HP:0000767|HP:0000768|HP:0001182|HP:0001371|HP:0001762|HP:0002616|HP:0002650|HP:0002751|HP:0002987|HP:0006380,easy
P_beals_070,Beals syndrome,HP:0000098|HP:0000377|HP:0000768|HP:0001166|HP:0001182|HP:0002650|HP:0002705|HP:0002751|HP:0002987|HP:0003199|HP:0006380,easy
P_beals_071,Beals syndrome,HP:0000098|HP:0000268|HP:0000377|HP:0000767|HP:0001166|HP:0001182|HP:0001371|HP:0002650|HP:0002987|HP:0003199|HP:0006380,easy
P_beals_072,Beals syndrome,HP:0000098|HP:0000268|HP:0000377|HP:0000767|HP:0001166|HP:0001182|HP:0001371|HP:0002751|HP:0002987|HP:0003199,easy
P_beals_073,Beals syndrome,HP:0000098|HP:0000377|HP:0000767|HP:0001166|HP:0001371|HP:0002616|HP:0002650|HP:0002705|HP:0002987|HP:0003199|HP:0006380,easy
P_beals_074,Beals syndrome,HP:0000098|HP:0000377|HP:0000767|HP:0001166|HP:0001182|HP:0001371|HP:0002650|HP:0002705|HP:0002987|HP:0003199,easy
P_beals_075,Beals syndrome,HP:0000098|HP:0000268|HP:0000377|HP:0000767|HP:0000768|HP:0001166|HP:0001182|HP:0001371|HP:0001762|HP:0002650|HP:0002751|HP:0002987|HP:0006380,easy
P_beals_076,Beals syndrome,HP:0000268|HP:0000377|HP:0001166|HP:0001182|HP:0001371|HP:0001762|HP:0003199|HP:0006380,easy
P_beals_077,Beals syndrome,HP:0000268|HP:0000767|HP:0000768|HP:0001166|HP:0001182|HP:0001371|HP:0002987|HP:0003199|HP:0006380,easy
P_beals_078,Beals syndrome,HP:0000098|HP:0000377|HP:0000767|HP:0000768|HP:0001166|HP:0001182|HP:0001371|HP:0002616|HP:0002650|HP:0002705|HP:0003199|HP:0006380,easy
P_beals_079,Beals syndrome,HP:0000098|HP:0000268|HP:0000377|HP:0000768|HP:0001166|HP:0001182|HP:0001371|HP:0001634|HP:0002650|HP:0002751|HP:0002987|HP:0006380,easy
P_beals_080,Beals syndrome,HP:0000098|HP:0000377|HP:0000767|HP:0000768|HP:0001166|HP:0001182|HP:0001371|HP:0001762|HP:0002650|HP:0002987|HP:0003199|HP:0006380,easy
P_beals_081,Beals syndrome,HP:0000098|HP:0000377|HP:0000767|HP:0001166|HP:0001182|HP:0001371|HP:0002650|HP:0003199|HP:0006380,easy
P_beals_082,Beals syndrome,HP:0000098|HP:0000377|HP:0000768|HP:0001166|HP:0001182|HP:0001371|HP:0001762|HP:0002616|HP:0002650|HP:0002705|HP:0002987|HP:0003199|HP:0006380,easy
P_beals_083,Beals syndrome,HP:0000377|HP:0000767|HP:0001166|HP:0001182|HP:0001371|HP:0001762,easy
P_beals_084,Beals syndrome,HP:0000377|HP:0001166|HP:0001182|HP:0001371|HP:0002650|HP:0002751|HP:0002987|HP:0003199|HP:0006380,easy
P_beals_085,Beals syndrome,HP:0000377|HP:0000768|HP:0001166|HP:0001182|HP:0001371|HP:0001634|HP:0001762|HP:0002650|HP:0002751|HP:0002987|HP:0003199|HP:0006380,easy
P_beals_086,Beals syndrome,HP:0000098|HP:0000377|HP:0000767|HP:0001182|HP:0001371|HP:0002650|HP:0002705|HP:0002751|HP:0002987,easy
P_beals_087,Beals syndrome,HP:0000098|HP:0000377|HP:0000767|HP:0001166|HP:0001182|HP:0001371|HP:0001762|HP:0002705|HP:0002751|HP:0002987|HP:0003199,easy
P_beals_088,Beals syndrome,HP:0000377|HP:0000767|HP:0001166|HP:0001182|HP:0001371|HP:0002650|HP:0002987|HP:0006380,easy
P_beals_089,Beals syndrome,HP:0000377|HP:0000767|HP:0001182|HP:0001371|HP:0002650|HP:0002751|HP:0002987|HP:0003199,easy
P_beals_090,Beals syndrome,HP:0000098|HP:0000268|HP:0000377|HP:0000767|HP:0000768|HP:0001166|HP:0001182|HP:0001371|HP:0002650|HP:0002751|HP:0002987|HP:0006380,easy
P_beals_091,Beals syndrome,HP:0000098|HP:0000377|HP:0001166|HP:0001182|HP:0001371|HP:0002650|HP:0002751|HP:0002987|HP:0003199,easy
P_beals_092,Beals syndrome,HP:0000268|HP:0000377|HP:0000768|HP:0001166|HP:0001371|HP:0001634|HP:0002650|HP:0002751|HP:0002987|HP:0003199,easy
P_beals_093,Beals syndrome,HP:0000098|HP:0000377|HP:0000767|HP:0001166|HP:0001182|HP:0001371|HP:0002650|HP:0002751|HP:0003199|HP:0006380,easy
P_beals_094,Beals syndrome,HP:0000377|HP:0001166|HP:0001182|HP:0001371|HP:0001634|HP:0001762|HP:0002650|HP:0002987|HP:0003199|HP:0006380,easy
P_beals_095,Beals syndrome,HP:0000268|HP:0000377|HP:0001166|HP:0001182|HP:0001371|HP:0002650|HP:0002751|HP:0002987|HP:0003199|HP:0006380,easy
P_beals_096,Beals syndrome,HP:0000268|HP:0000377|HP:0000767|HP:0000768|HP:0001182|HP:0001371|HP:0001762|HP:0002987|HP:0003199|HP:0006380,easy
P_beals_097,Beals syndrome,HP:0000098|HP:0000377|HP:0001166|HP:0001182|HP:0001371|HP:0002705|HP:0002987|HP:0003199,easy
P_beals_098,Beals syndrome,HP:0000268|HP:0000377|HP:0001182|HP:0001371|HP:0002650|HP:0002705|HP:0002751|HP:0002987|HP:0006380,easy
P_beals_099,Beals syndrome,HP:0000098|HP:0000377|HP:0000767|HP:0000768|HP:0001182|HP:0001371|HP:0002616|HP:0002650|HP:0002751|HP:0002987|HP:0003199|HP:0006380,easy
P_beals_100,Beals syndrome,HP:0000098|HP:0000268|HP:0000377|HP:0000768|HP:0001166|HP:0001182|HP:0001371|HP:0002650|HP:0002705|HP:0002987|HP:0003199|HP:0006380,easy
P_beals_101,Beals syndrome,HP:0000098|HP:0000268|HP:0000768|HP:0001166|HP:0001182|HP:0001371|HP:0002987|HP:0003199|HP:0006380,easy
P_beals_102,Beals syndrome,HP:0000098|HP:0000377|HP:0000767|HP:0001166|HP:0001371|HP:0002650|HP:0002751|HP:0002987|HP:0003199|HP:0006380,easy
P_beals_103,Beals syndrome,HP:0000098|HP:0000268|HP:0000377|HP:0000767|HP:0001182|HP:0001371|HP:0001762|HP:0002987|HP:0006380,easy
P_beals_104,Beals syndrome,HP:0000098|HP:0000377|HP:0001166|HP:0001182|HP:0001371|HP:0002705|HP:0003199,easy
P_beals_105,Beals syndrome,HP:0000098|HP:0000377|HP:0000768|HP:0001166|HP:0001182|HP:0001371|HP:0001762|HP:0002616|HP:0002751|HP:0002987|HP:0003199|HP:0006380,easy
P_beals_106,Beals syndrome,HP:0000098|HP:0000377|HP:0000767|HP:0001182|HP:0001371|HP:0002987|HP:0003199|HP:0006380,easy
P_beals_107,Beals syndrome,HP:0000767|HP:0000768|HP:0001166|HP:0001182|HP:0001371|HP:0002650|HP:0002705|HP:0002751|HP:0002987|HP:0003199,easy
P_beals_108,Beals syndrome,HP:0000098|HP:0000268|HP:0000377|HP:0000767|HP:0001166|HP:0001182|HP:0001371|HP:0002616|HP:0002987|HP:0003199|HP:0006380,easy
P_beals_109,Beals syndrome,HP:0000767|HP:0001166|HP:0001182|HP:0001371|HP:0002650|HP:0002751|HP:0006380,easy
P_beals_110,Beals syndrome,HP:0000377|HP:0001166|HP:0001182|HP:0001371|HP:0002650|HP:0002987|HP:0003199|HP:0006380,easy
P_beals_111,Beals syndrome,HP:0001166|HP:0001182|HP:0001371|HP:0002650|HP:0002705|HP:0002751|HP:0002987|HP:0003199|HP:0006380,easy
P_beals_112,Beals syndrome,HP:0000268|HP:0000377|HP:0001166|HP:0001371|HP:0001762|HP:0002650|HP:0002705|HP:0002987|HP:0003199|HP:0006380,easy
P_beals_113,Beals syndrome,HP:0000098|HP:0000377|HP:0001166|HP:0001182|HP:0001371|HP:0002650|HP:0002987|HP:0003199|HP:0006380,easy
P_beals_114,Beals syndrome,HP:0000377|HP:0000768|HP:0001166|HP:0001182|HP:0001371|HP:0001762|HP:0002751|HP:0002987|HP:0003199|HP:0006380,easy
P_beals_115,Beals syndrome,HP:0000377|HP:0001166|HP:0001182|HP:0001371|HP:0002650|HP:0002751|HP:0002987|HP:0003199|HP:0006380,easy
P_beals_116,Beals syndrome,HP:0000098|HP:0000268|HP:0000377|HP:0000768|HP:0001166|HP:0001182|HP:0001371|HP:0001634|HP:0002705|HP:0006380,easy
P_beals_117,Beals syndrome,HP:0000098|HP:0000377|HP:0000767|HP:0001166|HP:0001182|HP:0001762|HP:0002650|HP:0002705|HP:0002751|HP:0002987|HP:0003199|HP:0006380,easy
P_beals_118,Beals syndrome,HP:0000098|HP:0000377|HP:0000767|HP:0001166|HP:0001182|HP:0001371|HP:0002650|HP:0002705|HP:0002987|HP:0003199|HP:0006380,easy
P_beals_119,Beals syndrome,HP:0000268|HP:0000377|HP:0001166|HP:0001182|HP:0001371|HP:0002650|HP:0002987|HP:0003199,easy
P_beals_120,Beals syndrome,HP:0000098|HP:0000377|HP:0001166|HP:0001182|HP:0001371|HP:0001634|HP:0001762|HP:0002751|HP:0002987|HP:0003199|HP:0006380,easy
P_beals_121,Beals syndrome,HP:0000098|HP:0000268|HP:0000377|HP:0000768|HP:0001182|HP:0001371|HP:0002650|HP:0002751|HP:0002987,easy
P_beals_122,Beals syndrome,HP:0000377|HP:0000767|HP:0000768|HP:0001166|HP:0001371|HP:0002705|HP:0002987|HP:0003199|HP:0006380,easy
P_beals_123,Beals syndrome,HP:0000377|HP:0000768|HP:0001166|HP:0001182|HP:0001371|HP:0002650|HP:0002705|HP:0002751|HP:0002987|HP:0003199,easy
P_beals_124,Beals syndrome,HP:0000268|HP:0000377|HP:0001166|HP:0001182|HP:0001371|HP:0002650|HP:0002705|HP:0002987|HP:0003199|HP:0006380,easy
P_beals_125,Beals syndrome,HP:0001166|HP:0001182|HP:0001634|HP:0002705|HP:0002987|HP:0003199|HP:0006380,easy
P_beals_126,Beals syndrome,HP:0000098|HP:0000377|HP:0000767|HP:0000768|HP:0001166|HP:0001182|HP:0001371|HP:0002650|HP:0002987|HP:0006380,easy
P_beals_127,Beals syndrome,HP:0000098|HP:0000268|HP:0000377|HP:0000767|HP:0000768|HP:0001371|HP:0001634|HP:0002751|HP:0002987|HP:0003199|HP:0006380,easy
P_beals_128,Beals syndrome,HP:0000377|HP:0000767|HP:0001166|HP:0001182|HP:0001371|HP:0002650|HP:0002751|HP:0002987|HP:0003199,easy
P_beals_129,Beals syndrome,HP:0000268|HP:0000377|HP:0000767|HP:0001166|HP:0001182|HP:0001371|HP:0002650|HP:0002705|HP:0002751|HP:0002987|HP:0003199|HP:0006380,easy
P_beals_130,Beals syndrome,HP:0000268|HP:0000377|HP:0000767|HP:0001166|HP:0001182|HP:0001371|HP:0002616|HP:0002987|HP:0003199|HP:0006380,easy
P_beals_131,Beals syndrome,HP:0000377|HP:0000768|HP:0001166|HP:0001182|HP:0001371|HP:0002650|HP:0002705|HP:0002987|HP:0003199,easy
P_beals_132,Beals syndrome,HP:0000268|HP:0000377|HP:0001166|HP:0001182|HP:0001371|HP:0001762|HP:0002650|HP:0002705|HP:0002987|HP:0006380,easy
P_beals_133,Beals syndrome,HP:0000098|HP:0000377|HP:0000767|HP:0001166|HP:0001182|HP:0002616|HP:0002751|HP:0002987,easy
P_beals_134,Beals syndrome,HP:0000098|HP:0000767|HP:0000768|HP:0001166|HP:0001182|HP:0001371|HP:0002751|HP:0002987|HP:0003199,easy
P_beals_135,Beals syndrome,HP:0000098|HP:0000377|HP:0000767|HP:0000768|HP:0001182|HP:0001371|HP:0002705|HP:0002987|HP:0003199|HP:0006380,easy
P_beals_136,Beals syndrome,HP:0000268|HP:0000377|HP:0001166|HP:0001182|HP:0001371|HP:0001762|HP:0002650|HP:0002751|HP:0002987|HP:0006380,easy
P_beals_137,Beals syndrome,HP:0000767|HP:0000768|HP:0001166|HP:0001182|HP:0001371|HP:0001762|HP:0002616|HP:0002650|HP:0002987|HP:0006380,easy
P_beals_138,Beals syndrome,HP:0000098|HP:0000268|HP:0000377|HP:0000768|HP:0001166|HP:0001182|HP:0001371|HP:0001634|HP:0001762|HP:0002705|HP:0002751|HP:0002987,easy
P_beals_139,Beals syndrome,HP:0000768|HP:0001166|HP:0001182|HP:0001371|HP:0002650,easy
P_beals_140,Beals syndrome,HP:0000098|HP:0000377|HP:0001166|HP:0001182|HP:0001371|HP:0001634|HP:0001762|HP:0002616|HP:0002705|HP:0002751|HP:0003199|HP:0006380,easy
P_beals_141,Beals syndrome,HP:0000098|HP:0000268|HP:0000377|HP:0000768|HP:0001166|HP:0001371|HP:0002705|HP:0002751|HP:0002987|HP:0003199,easy
P_beals_142,Beals syndrome,HP:0000098|HP:0000377|HP:0001182|HP:0001371|HP:0001762|HP:0002650|HP:0002751|HP:0003199|HP:0006380,easy
P_beals_143,Beals syndrome,HP:0000098|HP:0000268|HP:0000377|HP:0000767|HP:0000768|HP:0001166|HP:0001182|HP:0001371|HP:0002705|HP:0002751|HP:0002987|HP:0003199|HP:0006380,easy
P_beals_144,Beals syndrome,HP:0000098|HP:0000268|HP:0000377|HP:0000767|HP:0000768|HP:0001166|HP:0001371|HP:0002650|HP:0002705|HP:0002987|HP:0006380,easy
P_beals_145,Beals syndrome,HP:0000377|HP:0000767|HP:0001166|HP:0001371|HP:0001762|HP:0002650|HP:0002705|HP:0002987|HP:0003199|HP:0006380,easy
P_beals_146,Beals syndrome,HP:0000098|HP:0000377|HP:0001166|HP:0001182|HP:0001371|HP:0002616|HP:0002650|HP:0002751|HP:0002987|HP:0006380,easy
P_beals_147,Beals syndrome,HP:0000098|HP:0000377|HP:0001166|HP:0001182|HP:0001371|HP:0002650|HP:0002751|HP:0003199|HP:0006380,easy
P_beals_148,Beals syndrome,HP:0000098|HP:0000268|HP:0000377|HP:0000767|HP:0001166|HP:0001182|HP:0001371|HP:0002751|HP:0002987|HP:0003199|HP:0006380,easy
P_beals_149,Beals syndrome,HP:0000098|HP:0000377|HP:0000767|HP:0000768|HP:0001166|HP:0001182|HP:0001371|HP:0002650|HP:0002987|HP:0003199|HP:0006380,easy
P_beals_150,Beals syndrome,HP:0000098|HP:0000377|HP:0000767|HP:0001166|HP:0001371|HP:0001762|HP:0002616|HP:0002650|HP:0002751|HP:0002987|HP:0003199|HP:0006380,easy
P_beals_151,Beals syndrome,HP:0000098|HP:0000377|HP:0000767|HP:0001166|HP:0001371|HP:0002616|HP:0002650|HP:0002705|HP:0002751|HP:0003199|HP:0006380,easy
P_beals_152,Beals syndrome,HP:0000098|HP:0000377|HP:0000768|HP:0001166|HP:0001182|HP:0001371|HP:0001634|HP:0001762|HP:0002987,easy
P_beals_153,Beals syndrome,HP:0000377|HP:0001166|HP:0001182|HP:0002650|HP:0002705|HP:0002751|HP:0002987|HP:0003199|HP:0006380,easy
P_beals_154,Beals syndrome,HP:0000098|HP:0000377|HP:0001166|HP:0001182|HP:0001371|HP:0001634|HP:0003199|HP:0006380,easy
P_beals_155,Beals syndrome,HP:0000767|HP:0001166|HP:0001182|HP:0001371|HP:0002616|HP:0006380,easy
P_beals_156,Beals syndrome,HP:0000098|HP:0000268|HP:0000377|HP:0001166|HP:0001182|HP:0001371|HP:0001762|HP:0002650|HP:0002751|HP:0002987|HP:0003199|HP:0006380,easy
P_beals_157,Beals syndrome,HP:0000098|HP:0000377|HP:0001166|HP:0001371|HP:0002616|HP:0002751|HP:0002987|HP:0003199|HP:0006380,easy
P_beals_158,Beals syndrome,HP:0000098|HP:0000268|HP:0000377|HP:0000768|HP:0001166|HP:0001371|HP:0002650|HP:0003199|HP:0005294,easy
P_beals_159,Beals syndrome,HP:0000098|HP:0000268|HP:0000377|HP:0001182|HP:0001371|HP:0001762|HP:0002616|HP:0002751|HP:0002987|HP:0003199|HP:0006380,easy
P_beals_160,Beals syndrome,HP:0000098|HP:0000377|HP:0000767|HP:0000768|HP:0001166|HP:0001371|HP:0002987|HP:0003199,easy
P_beals_161,Beals syndrome,HP:0001166|HP:0001371|HP:0002650|HP:0002987|HP:0003199,easy
P_beals_162,Beals syndrome,HP:0000377|HP:0000767|HP:0000768|HP:0001166|HP:0001182|HP:0001371|HP:0002650|HP:0002751|HP:0002987|HP:0003199|HP:0006380,easy
P_beals_163,Beals syndrome,HP:0000098|HP:0000268|HP:0000377|HP:0001166|HP:0001182|HP:0001371|HP:0003199,easy
P_beals_164,Beals syndrome,HP:0000098|HP:0000268|HP:0000377|HP:0001166|HP:0001182|HP:0001371|HP:0002616|HP:0002751|HP:0002987|HP:0003199|HP:0006380,easy
P_beals_165,Beals syndrome,HP:0000098|HP:0000377|HP:0000768|HP:0001166|HP:0001371|HP:0002650|HP:0002987|HP:0003199|HP:0006380,easy
P_beals_166,Beals syndrome,HP:0000768|HP:0001166|HP:0001371|HP:0002650|HP:0002987|HP:0006380,easy
P_beals_167,Beals syndrome,HP:0000377|HP:0000767|HP:0000768|HP:0001166|HP:0001182|HP:0001634|HP:0002616|HP:0002705|HP:0002751|HP:0003199|HP:0006380|HP:0007807,easy
P_beals_168,Beals syndrome,HP:0000377|HP:0000768|HP:0001166|HP:0001182|HP:0001371|HP:0002650|HP:0002987|HP:0003199|HP:0006380,easy
P_beals_169,Beals syndrome,HP:0000098|HP:0000377|HP:0001166|HP:0001182|HP:0001371|HP:0001634|HP:0002751|HP:0002987|HP:0003199,easy
P_beals_170,Beals syndrome,HP:0000098|HP:0000377|HP:0000767|HP:0001166|HP:0001182|HP:0001371|HP:0002987|HP:0003199|HP:0006380,easy
P_beals_171,Beals syndrome,HP:0000098|HP:0000377|HP:0000768|HP:0001166|HP:0001182|HP:0001371|HP:0002987|HP:0003199|HP:0006380,easy
P_beals_172,Beals syndrome,HP:0000098|HP:0000268|HP:0000377|HP:0000767|HP:0000768|HP:0001166|HP:0001371|HP:0001634|HP:0002650|HP:0006380,easy
P_beals_173,Beals syndrome,HP:0000098|HP:0000268|HP:0000377|HP:0000767|HP:0000768|HP:0001166|HP:0001371|HP:0002650|HP:0002987|HP:0003199|HP:0006380,easy
P_beals_174,Beals syndrome,HP:0000098|HP:0000377|HP:0000768|HP:0001166|HP:0001182|HP:0001371|HP:0001762|HP:0002650|HP:0002705|HP:0002987|HP:0003199|HP:0006380,easy
P_beals_175,Beals syndrome,HP:0000098|HP:0000377|HP:0000768|HP:0001166|HP:0001182|HP:0001371|HP:0001762|HP:0002650|HP:0002987|HP:0003199|HP:0006380,easy
P_beals_176,Beals syndrome,HP:0000098|HP:0000377|HP:0000767|HP:0001166|HP:0001182|HP:0001371|HP:0002650|HP:0002751|HP:0002987|HP:0003199|HP:0006380,easy
P_beals_177,Beals syndrome,HP:0000377|HP:0000768|HP:0001166|HP:0001182|HP:0001371|HP:0001634|HP:0002650|HP:0002751|HP:0002987|HP:0003199|HP:0006380,easy
P_beals_178,Beals syndrome,HP:0000098|HP:0000268|HP:0000377|HP:0001166|HP:0001182|HP:0001371|HP:0002650|HP:0002705|HP:0002987|HP:0003199|HP:0006380,easy
P_beals_179,Beals syndrome,HP:0000098|HP:0000377|HP:0000767|HP:0000768|HP:0001166|HP:0001371|HP:0002751|HP:0006380,easy
P_beals_180,Beals syndrome,HP:0000098|HP:0000377|HP:0000767|HP:0001166|HP:0001182|HP:0001371|HP:0001762|HP:0002650|HP:0002705|HP:0002751|HP:0003199|HP:0006380,easy
P_beals_181,Beals syndrome,HP:0000098|HP:0000268|HP:0000377|HP:0000768|HP:0001166|HP:0001371|HP:0002650|HP:0002987|HP:0003199|HP:0006380,easy
P_beals_182,Beals syndrome,HP:0000377|HP:0000768|HP:0001166|HP:0001182|HP:0002650|HP:0002705|HP:0003199|HP:0006380,easy
P_beals_183,Beals syndrome,HP:0000377|HP:0001182|HP:0001371|HP:0001634|HP:0002987|HP:0003199|HP:0006380,easy
P_beals_184,Beals syndrome,HP:0000377|HP:0000508|HP:0001182|HP:0001252|HP:0001371|HP:0002650|HP:0002705|HP:0002987|HP:0003199|HP:0006380,easy
P_beals_185,Beals syndrome,HP:0000098|HP:0000377|HP:0001166|HP:0001182|HP:0001371|HP:0002751|HP:0002987|HP:0003199|HP:0006380,easy
P_beals_186,Beals syndrome,HP:0000098|HP:0000268|HP:0000377|HP:0001166|HP:0001371|HP:0002705|HP:0002751|HP:0003199|HP:0006380,easy
P_beals_187,Beals syndrome,HP:0000268|HP:0000347|HP:0000767|HP:0001166|HP:0001182|HP:0001371|HP:0001762|HP:0002650|HP:0002751|HP:0002987|HP:0006380,easy
P_beals_188,Beals syndrome,HP:0000268|HP:0000377|HP:0000767|HP:0001166|HP:0001182|HP:0001371|HP:0001634|HP:0002650|HP:0002751|HP:0002987|HP:0003199|HP:0006380,easy
P_beals_189,Beals syndrome,HP:0000098|HP:0000268|HP:0000377|HP:0000767|HP:0001166|HP:0001371|HP:0002650|HP:0002751|HP:0002987|HP:0003199|HP:0006380,easy
P_beals_190,Beals syndrome,HP:0000098|HP:0000268|HP:0000377|HP:0000767|HP:0000768|HP:0001166|HP:0001182|HP:0001371|HP:0003199|HP:0006380,easy
P_beals_191,Beals syndrome,HP:0000098|HP:0001182|HP:0001371|HP:0002616|HP:0002650|HP:0002751|HP:0003199|HP:0006380,easy
P_beals_192,Beals syndrome,HP:0000098|HP:0000268|HP:0000377|HP:0000767|HP:0001166|HP:0001182|HP:0001371|HP:0002650|HP:0002987|HP:0003199,easy
P_beals_193,Beals syndrome,HP:0000377|HP:0000767|HP:0001166|HP:0001182|HP:0001371|HP:0001762|HP:0002987|HP:0003199|HP:0006380,easy
P_beals_194,Beals syndrome,HP:0000377|HP:0000768|HP:0001166|HP:0001371|HP:0002650|HP:0002705|HP:0006380,easy
P_beals_195,Beals syndrome,HP:0000098|HP:0000268|HP:0000377|HP:0001166|HP:0001371|HP:0001762|HP:0002650|HP:0002751|HP:0002987|HP:0003199|HP:0006380,easy
P_beals_196,Beals syndrome,HP:0000098|HP:0000377|HP:0001166|HP:0001182|HP:0001371|HP:0002705|HP:0002751|HP:0002987|HP:0003199|HP:0006380,easy
P_beals_197,Beals syndrome,HP:0000377|HP:0000768|HP:0001166|HP:0001182|HP:0001371|HP:0002650|HP:0002705|HP:0002751|HP:0002987|HP:0003199,easy
P_beals_198,Beals syndrome,HP:0000098|HP:0000377|HP:0000767|HP:0001166|HP:0001182|HP:0001371|HP:0002705|HP:0002987|HP:0006380,easy
P_beals_199,Beals syndrome,HP:0000098|HP:0000377|HP:0000767|HP:0001166|HP:0001182|HP:0001371|HP:0002616|HP:0003199,easy
P_shprintzen_goldberg_000,Shprintzen-Goldberg syndrome,HP:0000028|HP:0000278|HP:0000316|HP:0000347|HP:0000463|HP:0000768|HP:0001166|HP:0001182|HP:0001249|HP:0001263|HP:0001363|HP:0001371|HP:0001537|HP:0001539|HP:0001540|HP:0001634|HP:0002650|HP:0002705,easy
P_shprintzen_goldberg_001,Shprintzen-Goldberg syndrome,HP:0000272|HP:0000316|HP:0000767|HP:0001166|HP:0001182|HP:0001263|HP:0001363|HP:0001371|HP:0001382|HP:0001539|HP:0001634|HP:0002616|HP:0002705|HP:0002816|HP:0005294,easy
P_shprintzen_goldberg_002,Shprintzen-Goldberg syndrome,HP:0000028|HP:0000278|HP:0000316|HP:0000347|HP:0000508|HP:0001166|HP:0001182|HP:0001249|HP:0001252|HP:0001263|HP:0001363|HP:0001537|HP:0001539|HP:0002650|HP:0002705,easy
P_shprintzen_goldberg_003,Shprintzen-Goldberg syndrome,HP:0000028|HP:0000272|HP:0000278|HP:0000316|HP:0000347|HP:0000767|HP:0001166|HP:0001182|HP:0001249|HP:0001252|HP:0001263|HP:0001363|HP:0001539|HP:0001540|HP:0002705,easy
P_shprintzen_goldberg_004,Shprintzen-Goldberg syndrome,HP:0000028|HP:0000278|HP:0000316|HP:0000347|HP:0001166|HP:0001182|HP:0001249|HP:0001252|HP:0001371|HP:0001540|HP:0001634|HP:0002650|HP:0002705,easy
P_shprintzen_goldberg_005,Shprintzen-Goldberg syndrome,HP:0000028|HP:0000278|HP:0000316|HP:0000463|HP:0000508|HP:0000768|HP:0001166|HP:0001182|HP:0001249|HP:0001252|HP:0001263|HP:0001363|HP:0001371|HP:0001540,easy
P_shprintzen_goldberg_006,Shprintzen-Goldberg syndrome,HP:0000028|HP:0000278|HP:0000316|HP:0000347|HP:0000463|HP:0000508|HP:0000767|HP:0001166|HP:0001249|HP:0001252|HP:0001263|HP:0001363|HP:0001371|HP:0002650,easy
P_shprintzen_goldberg_007,Shprintzen-Goldberg syndrome,HP:0000316|HP:0000767|HP:0001182|HP:0001249|HP:0001252|HP:0001363|HP:0001371|HP:0001537|HP:0001539|HP:0001540|HP:0002705,easy
P_shprintzen_goldberg_008,Shprintzen-Goldberg syndrome,HP:0000272|HP:0000278|HP:0000316|HP:0000463|HP:0000508|HP:0001166|HP:0001249|HP:0001263|HP:0001363|HP:0001371|HP:0001537|HP:0001540|HP:0001634,easy
P_shprintzen_goldberg_009,Shprintzen-Goldberg syndrome,HP:0000272|HP:0000278|HP:0000316|HP:0000347|HP:0000508|HP:0000767|HP:0000768|HP:0001166|HP:0001249|HP:0001252|HP:0001263|HP:0001363|HP:0001371|HP:0001537|HP:0001539|HP:0001634,easy
P_shprintzen_goldberg_010,Shprintzen-Goldberg syndrome,HP:0000028|HP:0000508|HP:0000545|HP:0001065|HP:0001166|HP:0001182|HP:0001249|HP:0001252|HP:0001263|HP:0001363|HP:0001371|HP:0002616|HP:0002705,easy
P_shprintzen_goldberg_011,Shprintzen-Goldberg syndrome,HP:0000278|HP:0000316|HP:0000347|HP:0000767|HP:0000768|HP:0001182|HP:0001249|HP:0001252|HP:0001263|HP:0001363|HP:0001371|HP:0001537|HP:0001539|HP:0001540|HP:0001634|HP:0002650|HP:0002705,easy
P_shprintzen_goldberg_012,Shprintzen-Goldberg syndrome,HP:0000028|HP:0000272|HP:0000278|HP:0000316|HP:0000347|HP:0000463|HP:0001166|HP:0001263|HP:0001363|HP:0001540|HP:0012727,easy
P_shprintzen_goldberg_013,Shprintzen-Goldberg syndrome,HP:0000028|HP:0000278|HP:0000316|HP:0000347|HP:0001075|HP:0001263|HP:0001371|HP:0001537|HP:0001539|HP:0001634|HP:0002616|HP:0002705,easy
P_shprintzen_goldberg_014,Shprintzen-Goldberg syndrome,HP:0000028|HP:0000272|HP:0000278|HP:0000316|HP:0000463|HP:0000508|HP:0001166|HP:0001249|HP:0001252|HP:0001263|HP:0001363|HP:0001371|HP:0001537|HP:0001539|HP:0001540|HP:0002650,easy
P_shprintzen_goldberg_015,Shprintzen-Goldberg syndrome,HP:0000278|HP:0000316|HP:0000508|HP:0000767|HP:0000768|HP:0001263|HP:0001363|HP:0001371|HP:0001537|HP:0001539|HP:0002616|HP:0002705,easy
P_shprintzen_goldberg_016,Shprintzen-Goldberg syndrome,HP:0000272|HP:0000316|HP:0000463|HP:0000508|HP:0000767|HP:0001182|HP:0001249|HP:0001252|HP:0001263|HP:0001363|HP:0001537|HP:0001539|HP:0001540|HP:0001634|HP:0002705,easy
P_shprintzen_goldberg_017,Shprintzen-Goldberg syndrome,HP:0000175|HP:0000278|HP:0000316|HP:0000463|HP:0001166|HP:0001249|HP:0001363|HP:0001371|HP:0001382|HP:0002616|HP:0002650|HP:0002705,easy
P_shprintzen_goldberg_018,Shprintzen-Goldberg syndrome,HP:0000278|HP:0000316|HP:0000347|HP:0000508|HP:0000767|HP:0001166|HP:0001182|HP:0001249|HP:0001263|HP:0001363|HP:0001540|HP:0001634,easy
P_shprintzen_goldberg_019,Shprintzen-Goldberg syndrome,HP:0000028|HP:0000316|HP:0000347|HP:0000463|HP:0000767|HP:0001166|HP:0001182|HP:0001249|HP:0001263|HP:0001363|HP:0001540|HP:0001634|HP:0002616|HP:0002650,easy
P_shprintzen_goldberg_020,Shprintzen-Goldberg syndrome,HP:0000272|HP:0000278|HP:0000347|HP:0000463|HP:0000508|HP:0000767|HP:0001166|HP:0001249|HP:0001252|HP:0001263|HP:0001363|HP:0001371|HP:0001539|HP:0001540|HP:0002705,easy
P_shprintzen_goldberg_021,Shprintzen-Goldberg syndrome,HP:0000272|HP:0000316|HP:0000347|HP:0001166|HP:0001182|HP:0001252|HP:0001263|HP:0001363|HP:0001371|HP:0001537|HP:0001539|HP:0002650|HP:0002705,easy
P_shprintzen_goldberg_022,Shprintzen-Goldberg syndrome,HP:0000028|HP:0000272|HP:0000278|HP:0000316|HP:0000463|HP:0000768|HP:0001182|HP:0001252|HP:0001363|HP:0001537|HP:0002650|HP:0003199|HP:0006380,easy
P_shprintzen_goldberg_023,Shprintzen-Goldberg syndrome,HP:0000028|HP:0000278|HP:0000316|HP:0000347|HP:0000463|HP:0000768|HP:0001166|HP:0001182|HP:0001249|HP:0001252|HP:0001363|HP:0001539|HP:0002616,easy
P_shprintzen_goldberg_024,Shprintzen-Goldberg syndrome,HP:0000272|HP:0000278|HP:0000316|HP:0000347|HP:0000463|HP:0000767|HP:0001182|HP:0001249|HP:0001252|HP:0001263|HP:0001371|HP:0001537|HP:0001539|HP:0001634|HP:0002650,easy
P_shprintzen_goldberg_025,Shprintzen-Goldberg syndrome,HP:0000028|HP:0000278|HP:0000316|HP:0000508|HP:0001166|HP:0001182|HP:0001249|HP:0001252|HP:0001363|HP:0001537|HP:0001539|HP:0001634|HP:0002616,easy
P_shprintzen_goldberg_026,Shprintzen-Goldberg syndrome,HP:0000278|HP:0000316|HP:0000347|HP:0000508|HP:0000767|HP:0000768|HP:0001166|HP:0001249|HP:0001363|HP:0001537|HP:0001539|HP:0002616,easy
P_shprintzen_goldberg_027,Shprintzen-Goldberg syndrome,HP:0000028|HP:0000278|HP:0000316|HP:0000347|HP:0000463|HP:0000767|HP:0000768|HP:0001166|HP:0001182|HP:0001249|HP:0001252|HP:0001263|HP:0001363|HP:0001371|HP:0001537|HP:0001539|HP:0001540|HP:0001634|HP:0002616|HP:0002705,easy
P_shprintzen_goldberg_028,Shprintzen-Goldberg syndrome,HP:0000028|HP:0000272|HP:0000278|HP:0000316|HP:0000347|HP:0000508|HP:0000767|HP:0000768|HP:0001249|HP:0001252|HP:0001363|HP:0001371|HP:0001539|HP:0002650|HP:0002705,easy
P_shprintzen_goldberg_029,Shprintzen-Goldberg syndrome,HP:0000028|HP:0000278|HP:0000316|HP:0000347|HP:0000463|HP:0001166|HP:0001249|HP:0001252|HP:0001263|HP:0001363|HP:0001371|HP:0001539|HP:0002616|HP:0002650|HP:0002705,easy
P_shprintzen_goldberg_030,Shprintzen-Goldberg syndrome,HP:0000028|HP:0000278|HP:0000316|HP:0000347|HP:0000463|HP:0000508|HP:0000767|HP:0000768|HP:0001166|HP:0001249|HP:0001252|HP:0001263|HP:0001363|HP:0001371|HP:0001537|HP:0001539|HP:0001634|HP:0002650|HP:0002705,easy
P_shprintzen_goldberg_031,Shprintzen-Goldberg syndrome,HP:0000028|HP:0000272|HP:0000347|HP:0000463|HP:0001065|HP:0001166|HP:0001182|HP:0001252|HP:0001263|HP:0001363|HP:0001382|HP:0001539|HP:0001634|HP:0001763|HP:0002616|HP:0002650,easy
P_shprintzen_goldberg_032,Shprintzen-Goldberg syndrome,HP:0000028|HP:0000272|HP:0000316|HP:0000347|HP:0000463|HP:0000768|HP:0001166|HP:0001249|HP:0001252|HP:0001263|HP:0001363|HP:0001537|HP:0001539|HP:0001540|HP:0002705,easy
P_shprintzen_goldberg_033,Shprintzen-Goldberg syndrome,HP:0000028|HP:0000278|HP:0000463|HP:0000768|HP:0001166|HP:0001182|HP:0001249|HP:0001252|HP:0001363|HP:0001371|HP:0001537|HP:0001539|HP:0001540|HP:0001634|HP:0002705,easy
P_shprintzen_goldberg_034,Shprintzen-Goldberg syndrome,HP:0000028|HP:0000272|HP:0000278|HP:0000316|HP:0000347|HP:0000767|HP:0000768|HP:0001166|HP:0001249|HP:0001252|HP:0001363|HP:0001539|HP:0001540|HP:0001634|HP:0002616|HP:0002705,easy
P_shprintzen_goldberg_035,Shprintzen-Goldberg syndrome,HP:0000028|HP:0000272|HP:0000278|HP:0000316|HP:0000767|HP:0001166|HP:0001249|HP:0001252|HP:0001363|HP:0001537,easy
P_shprintzen_goldberg_036,Shprintzen-Goldberg syndrome,HP:0000028|HP:0000272|HP:0000278|HP:0000316|HP:0000347|HP:0000508|HP:0001166|HP:0001249|HP:0001252|HP:0001263|HP:0001537|HP:0001539|HP:0001540,easy
P_shprintzen_goldberg_037,Shprintzen-Goldberg syndrome,HP:0000028|HP:0000272|HP:0000278|HP:0000316|HP:0000347|HP:0000463|HP:0000508|HP:0001166|HP:0001249|HP:0001252|HP:0001263|HP:0001363|HP:0001634|HP:0002650|HP:0002705,easy
P_shprintzen_goldberg_038,Shprintzen-Goldberg syndrome,HP:0000272|HP:0000278|HP:0000463|HP:0000767|HP:0001166|HP:0001182|HP:0001249|HP:0001252|HP:0001263|HP:0001363|HP:0001371|HP:0001539|HP:0001540|HP:0002616|HP:0002650|HP:0002705,easy
P_shprintzen_goldberg_039,Shprintzen-Goldberg syndrome,HP:0000268|HP:0000272|HP:0000347|HP:0000767|HP:0001166|HP:0001182|HP:0001249|HP:0001263|HP:0001363|HP:0001371|HP:0001537|HP:0001539|HP:0002650,easy
P_shprintzen_goldberg_040,Shprintzen-Goldberg syndrome,HP:0000278|HP:0000316|HP:0000347|HP:0000508|HP:0001166|HP:0001249|HP:0001263|HP:0001371|HP:0001539|HP:0002705,easy
P_shprintzen_goldberg_041,Shprintzen-Goldberg syndrome,HP:0000272|HP:0000316|HP:0000347|HP:0000463|HP:0000767|HP:0001166|HP:0001182|HP:0001249|HP:0001252|HP:0001263|HP:0001539|HP:0001540|HP:0002616|HP:0002705,easy
P_shprintzen_goldberg_042,Shprintzen-Goldberg syndrome,HP:0000028|HP:0000278|HP:0000316|HP:0000463|HP:0000768|HP:0001182|HP:0001249|HP:0001252|HP:0001263|HP:0001363|HP:0001371|HP:0001537|HP:0001539|HP:0001540|HP:0002650|HP:0002705,easy
P_shprintzen_goldberg_043,Shprintzen-Goldberg syndrome,HP:0000028|HP:0000272|HP:0000278|HP:0000463|HP:0000508|HP:0000768|HP:0001166|HP:0001249|HP:0001252|HP:0001263|HP:0001371|HP:0001539|HP:0001540,easy
P_shprintzen_goldberg_044,Shprintzen-Goldberg syndrome,HP:0000028|HP:0000278|HP:0000316|HP:0000347|HP:0000768|HP:0001166|HP:0001249|HP:0001252|HP:0001263|HP:0001363|HP:0001371|HP:0001540|HP:0001634|HP:0002616|HP:0002705,easy
P_shprintzen_goldberg_045,Shprintzen-Goldberg syndrome,HP:0000028|HP:0000278|HP:0000316|HP:0000347|HP:0000463|HP:0000508|HP:0000767|HP:0000768|HP:0001166|HP:0001252|HP:0001263|HP:0001363|HP:0001371|HP:0001537|HP:0001540,easy
P_shprintzen_goldberg_046,Shprintzen-Goldberg syndrome,HP:0000272|HP:0000278|HP:0000316|HP:0000508|HP:0001252|HP:0001263|HP:0001371|HP:0001537|HP:0002616|HP:0002650|HP:0002705,easy
P_shprintzen_goldberg_047,Shprintzen-Goldberg syndrome,HP:0000028|HP:0000272|HP:0000278|HP:0000316|HP:0000463|HP:0000508|HP:0001166|HP:0001249|HP:0001252|HP:0001263|HP:0001363|HP:0001371|HP:0001539|HP:0001540|HP:0001634|HP:0002705,easy
P_shprintzen_goldberg_048,Shprintzen-Goldberg syndrome,HP:0000028|HP:0000278|HP:0000316|HP:0000463|HP:0000508|HP:0000767|HP:0001166|HP:0001182|HP:0001249|HP:0001252|HP:0001263|HP:0001363|HP:0001537|HP:0001540|HP:0001634|HP:0002650|HP:0002705,easy
P_shprintzen_goldberg_049,Shprintzen-Goldberg syndrome,HP:0000278|HP:0000316|HP:0000347|HP:0000463|HP:0000508|HP:0000767|HP:0001166|HP:0001182|HP:0001249|HP:0001263|HP:0001363|HP:0001539|HP:0001540|HP:0001634|HP:0002650|HP:0002705,easy
P_shprintzen_goldberg_050,Shprintzen-Goldberg syndrome,HP:0000272|HP:0000278|HP:0000347|HP:0000463|HP:0000508|HP:0001182|HP:0001249|HP:0001252|HP:0001263|HP:0001363|HP:0001371|HP:0001537|HP:0001539|HP:0001540|HP:0001634|HP:0002616|HP:0002705,easy
P_shprintzen_goldberg_051,Shprintzen-Goldberg syndrome,HP:0000028|HP:0000278|HP:0000347|HP:0000463|HP:0000508|HP:0000767|HP:0001166|HP:0001182|HP:0001249|HP:0001363|HP:0001371|HP:0001540|HP:0001634|HP:0002650|HP:0002705,easy
P_shprintzen_goldberg_052,Shprintzen-Goldberg syndrome,HP:0000028|HP:0000278|HP:0000347|HP:0000508|HP:0000767|HP:0000768|HP:0001166|HP:0001182|HP:0001249|HP:0001252|HP:0001263|HP:0001363|HP:0001537|HP:0001539|HP:0002650|HP:0002705,easy
P_shprintzen_goldberg_053,Shprintzen-Goldberg syndrome,HP:0000028|HP:0000278|HP:0000316|HP:0000463|HP:0000768|HP:0001166|HP:0001249|HP:0001252|HP:0001263|HP:0001363|HP:0001371|HP:0001539|HP:0001540|HP:0001634|HP:0002616|HP:0002650|HP:0002705,easy
P_shprintzen_goldberg_054,Shprintzen-Goldberg syndrome,HP:0000278|HP:0000508|HP:0001166|HP:0001249|HP:0001263|HP:0001363|HP:0001371|HP:0001537|HP:0001539|HP:0001540|HP:0002616|HP:0002650,easy
P_shprintzen_goldberg_055,Shprintzen-Goldberg syndrome,HP:0000028|HP:0000278|HP:0000316|HP:0000347|HP:0000767|HP:0000768|HP:0001166|HP:0001182|HP:0001249|HP:0001263|HP:0001363|HP:0001371|HP:0001537|HP:0001634|HP:0002616,easy
P_shprintzen_goldberg_056,Shprintzen-Goldberg syndrome,HP:0000028|HP:0000272|HP:0000278|HP:0000316|HP:0000463|HP:0000508|HP:0000767|HP:0001166|HP:0001182|HP:0001249|HP:0001252|HP:0001263|HP:0001363|HP:0001539|HP:0002650|HP:0002705,easy
P_shprintzen_goldberg_057,Shprintzen-Goldberg syndrome,HP:0000278|HP:0000316|HP:0000347|HP:0000463|HP:0000508|HP:0000768|HP:0001166|HP:0001182|HP:0001249|HP:0001252|HP:0001363|HP:0001371|HP:0001539|HP:0001540|HP:0001634,easy
P_shprintzen_goldberg_058,Shprintzen-Goldberg syndrome,HP:0000272|HP:0000278|HP:0000316|HP:0000347|HP:0000463|HP:0000768|HP:0001166|HP:0001182|HP:0001249|HP:0001252|HP:0001363|HP:0001537|HP:0002650|HP:0002705,easy
P_shprintzen_goldberg_059,Shprintzen-Goldberg syndrome,HP:0000028|HP:0000278|HP:0000316|HP:0000347|HP:0001166|HP:0001249|HP:0001252|HP:0001263|HP:0001363|HP:0001371|HP:0002705,easy
P_shprintzen_goldberg_060,Shprintzen-Goldberg syndrome,HP:0000028|HP:0000278|HP:0000316|HP:0000463|HP:0001166|HP:0001182|HP:0001249|HP:0001252|HP:0001363|HP:0001371|HP:0001537|HP:0001539|HP:0002616|HP:0002705,easy
P_shprintzen_goldberg_061,Shprintzen-Goldberg syndrome,HP:0000028|HP:0000272|HP:0000278|HP:0000316|HP:0000347|HP:0000508|HP:0000767|HP:0000768|HP:0001166|HP:0001182|HP:0001249|HP:0001252|HP:0001263|HP:0001363|HP:0001371|HP:0001537|HP:0001539|HP:0002650,easy
P_shprintzen_goldberg_062,Shprintzen-Goldberg syndrome,HP:0000028|HP:0000272|HP:0000278|HP:0000347|HP:0000463|HP:0000768|HP:0001166|HP:0001182|HP:0001249|HP:0001252|HP:0001263|HP:0001363|HP:0001537|HP:0001539|HP:0001540|HP:0001634|HP:0002650,easy
P_shprintzen_goldberg_063,Shprintzen-Goldberg syndrome,HP:0000272|HP:0000278|HP:0000316|HP:0000463|HP:0000508|HP:0001166|HP:0001182|HP:0001249|HP:0001252|HP:0001263|HP:0001363|HP:0001371|HP:0001539|HP:0002705,easy
P_shprintzen_goldberg_064,Shprintzen-Goldberg syndrome,HP:0000272|HP:0000278|HP:0000316|HP:0000347|HP:0000463|HP:0000508|HP:0000768|HP:0001249|HP:0001252|HP:0001263|HP:0001371|HP:0001537|HP:0001540|HP:0001634|HP:0002616|HP:0002705,easy
P_shprintzen_goldberg_065,Shprintzen-Goldberg syndrome,HP:0000278|HP:0000316|HP:0000347|HP:0000463|HP:0000767|HP:0000768|HP:0001166|HP:0001182|HP:0001249|HP:0001252|HP:0001263|HP:0001363|HP:0001371|HP:0001537|HP:0001540|HP:0001634|HP:0002705,easy
P_shprintzen_goldberg_066,Shprintzen-Goldberg syndrome,HP:0000278|HP:0000316|HP:0000347|HP:0000463|HP:0000768|HP:0001166|HP:0001252|HP:0001263|HP:0001363|HP:0001537|HP:0001540|HP:0002705,easy
P_shprintzen_goldberg_067,Shprintzen-Goldberg syndrome,HP:0000028|HP:0000272|HP:0000278|HP:0000316|HP:0000347|HP:0000508|HP:0000767|HP:0000768|HP:0001166|HP:0001182|HP:0001252|HP:0001363|HP:0001371|HP:0001540|HP:0002616|HP:0002705,easy
P_shprintzen_goldberg_068,Shprintzen-Goldberg syndrome,HP:0000028|HP:0000316|HP:0000463|HP:0000767|HP:0001166|HP:0001182|HP:0001249|HP:0001263|HP:0001537|HP:0001539|HP:0002705,easy
P_shprintzen_goldberg_069,Shprintzen-Goldberg syndrome,HP:0000272|HP:0000278|HP:0000463|HP:0001166|HP:0001249|HP:0001252|HP:0001263|HP:0001363|HP:0001371|HP:0001537|HP:0001539|HP:0001540|HP:0001763|HP:0002616|HP:0002650,easy
P_shprintzen_goldberg_070,Shprintzen-Goldberg syndrome,HP:0000278|HP:0000347|HP:0000463|HP:0000508|HP:0001166|HP:0001182|HP:0001249|HP:0001252|HP:0001263|HP:0001363|HP:0001371|HP:0001539|HP:0001634|HP:0002616|HP:0002650|HP:0002705,easy
P_shprintzen_goldberg_071,Shprintzen-Goldberg syndrome,HP:0000278|HP:0000316|HP:0000463|HP:0001166|HP:0001182|HP:0001249|HP:0001363|HP:0001539|HP:0002650,easy
P_shprintzen_goldberg_072,Shprintzen-Goldberg syndrome,HP:0000028|HP:0000278|HP:0000347|HP:0000508|HP:0001166|HP:0001249|HP:0001363|HP:0001371|HP:0001537|HP:0002616|HP:0002650,easy
P_shprintzen_goldberg_073,Shprintzen-Goldberg syndrome,HP:0000272|HP:0000316|HP:0000347|HP:0000508|HP:0001166|HP:0001252|HP:0001263|HP:0001363|HP:0001371|HP:0001537|HP:0001539|HP:0002650|HP:0002705,easy
P_shprintzen_goldberg_074,Shprintzen-Goldberg syndrome,HP:0000028|HP:0000278|HP:0000316|HP:0000347|HP:0000463|HP:0001166|HP:0001182|HP:0001249|HP:0001252|HP:0001263|HP:0001363|HP:0001371|HP:0001537|HP:0001539|HP:0001634|HP:0002705,easy
P_shprintzen_goldberg_075,Shprintzen-Goldberg syndrome,HP:0000028|HP:0000272|HP:0000316|HP:0000347|HP:0000463|HP:0000508|HP:0000767|HP:0001166|HP:0001252|HP:0001263|HP:0001363|HP:0001371|HP:0001537|HP:0002616|HP:0002705,easy
P_shprintzen_goldberg_076,Shprintzen-Goldberg syndrome,HP:0000028|HP:0000272|HP:0000316|HP:0000767|HP:0001166|HP:0001182|HP:0001252|HP:0001263|HP:0001363|HP:0001537|HP:0001539|HP:0001540|HP:0002616|HP:0002650|HP:0002705,easy
P_shprintzen_goldberg_077,Shprintzen-Goldberg syndrome,HP:0000028|HP:0000278|HP:0000316|HP:0000347|HP:0000463|HP:0000508|HP:0000767|HP:0001166|HP:0001249|HP:0001252|HP:0001263|HP:0001363|HP:0001371|HP:0001537|HP:0001540|HP:0002616,easy
P_shprintzen_goldberg_078,Shprintzen-Goldberg syndrome,HP:0000028|HP:0000316|HP:0000347|HP:0000463|HP:0000508|HP:0001166|HP:0001182|HP:0001249|HP:0001363|HP:0001371|HP:0001539|HP:0001540|HP:0001634|HP:0002616|HP:0002650,easy
P_shprintzen_goldberg_079,Shprintzen-Goldberg syndrome,HP:0000028|HP:0000272|HP:0000278|HP:0000316|HP:0000347|HP:0000463|HP:0000767|HP:0000768|HP:0001166|HP:0001182|HP:0001252|HP:0001263|HP:0001363|HP:0001371|HP:0001537|HP:0002650|HP:0002705,easy
P_shprintzen_goldberg_080,Shprintzen-Goldberg syndrome,HP:0000278|HP:0000316|HP:0000347|HP:0000463|HP:0000767|HP:0000768|HP:0001182|HP:0001249|HP:0001252|HP:0001263|HP:0001363|HP:0001371|HP:0001537|HP:0001539|HP:0001540|HP:0001634|HP:0002650|HP:0002705,easy
P_shprintzen_goldberg_081,Shprintzen-Goldberg syndrome,HP:0000272|HP:0000278|HP:0000316|HP:0000347|HP:0000508|HP:0001166|HP:0001182|HP:0001249|HP:0001252|HP:0001263|HP:0001363|HP:0001371|HP:0001537|HP:0001540|HP:0001634|HP:0002616|HP:0002650|HP:0002705,easy
P_shprintzen_goldberg_082,Shprintzen-Goldberg syndrome,HP:0000028|HP:0000278|HP:0000347|HP:0000508|HP:0001166|HP:0001182|HP:0001249|HP:0001252|HP:0001263|HP:0001363|HP:0001371|HP:0001537|HP:0001539|HP:0001540|HP:0001634|HP:0002705,easy
P_shprintzen_goldberg_083,Shprintzen-Goldberg syndrome,HP:0000028|HP:0000278|HP:0000316|HP:0000347|HP:0000463|HP:0000508|HP:0000768|HP:0001166|HP:0001249|HP:0001252|HP:0001363|HP:0001371|HP:0001634|HP:0002616|HP:0002705,easy
P_shprintzen_goldberg_084,Shprintzen-Goldberg syndrome,HP:0000278|HP:0000316|HP:0000347|HP:0000463|HP:0001166|HP:0001182|HP:0001249|HP:0001252|HP:0001263|HP:0001363|HP:0001371|HP:0001537|HP:0001540|HP:0002616|HP:0002650|HP:0002705,easy
P_shprintzen_goldberg_085,Shprintzen-Goldberg syndrome,HP:0000028|HP:0000272|HP:0000316|HP:0000347|HP:0000463|HP:0000508|HP:0001166|HP:0001182|HP:0001249|HP:0001252|HP:0001363|HP:0001539|HP:0001540|HP:0002705,easy
P_shprintzen_goldberg_086,Shprintzen-Goldberg syndrome,HP:0000028|HP:0000272|HP:0000278|HP:0000316|HP:0001166|HP:0001182|HP:0001249|HP:0001252|HP:0001263|HP:0001363|HP:0001371|HP:0001539|HP:0001540|HP:0001634,easy
P_shprintzen_goldberg_087,Shprintzen-Goldberg syndrome,HP:0000278|HP:0000316|HP:0000347|HP:0000463|HP:0000767|HP:0001166|HP:0001182|HP:0001249|HP:0001363|HP:0001537|HP:0001540|HP:0001634|HP:0002616|HP:0002650|HP:0002705,easy
P_shprintzen_goldberg_088,Shprintzen-Goldberg syndrome,HP:0000028|HP:0000278|HP:0000316|HP:0000463|HP:0000768|HP:0001166|HP:0001182|HP:0001249|HP:0001252|HP:0001263|HP:0001363|HP:0001371|HP:0001537|HP:0001540|HP:0002616|HP:0002705,easy
P_shprintzen_goldberg_089,Shprintzen-Goldberg syndrome,HP:0000028|HP:0000278|HP:0000316|HP:0000347|HP:0000463|HP:0000508|HP:0000767|HP:0001182|HP:0001249|HP:0001252|HP:0001263|HP:0001363|HP:0001371|HP:0001539|HP:0002616|HP:0002650|HP:0002705,easy
P_shprintzen_goldberg_090,Shprintzen-Goldberg syndrome,HP:0000028|HP:0000272|HP:0000316|HP:0000347|HP:0000463|HP:0000508|HP:0001166|HP:0001182|HP:0001249|HP:0001252|HP:0001263|HP:0001363|HP:0001371|HP:0001537|HP:0001634,easy
P_shprintzen_goldberg_091,Shprintzen-Goldberg syndrome,HP:0000028|HP:0000316|HP:0000347|HP:0000463|HP:0001166|HP:0001182|HP:0001249|HP:0001252|HP:0001263|HP:0001363|HP:0001371|HP:0001539|HP:0001634|HP:0002650|HP:0002705,easy
P_shprintzen_goldberg_092,Shprintzen-Goldberg syndrome,HP:0000028|HP:0000278|HP:0000347|HP:0000508|HP:0000767|HP:0000768|HP:0001182|HP:0001249|HP:0001252|HP:0001263|HP:0001363|HP:0001371|HP:0001539|HP:0002616|HP:0002705,easy
P_shprintzen_goldberg_093,Shprintzen-Goldberg syndrome,HP:0000272|HP:0000278|HP:0000316|HP:0000347|HP:0000463|HP:0000508|HP:0000767|HP:0001166|HP:0001249|HP:0001363|HP:0001537|HP:0001539|HP:0002650|HP:0002705,easy
P_shprintzen_goldberg_094,Shprintzen-Goldberg syndrome,HP:0000028|HP:0000272|HP:0000278|HP:0000316|HP:0000347|HP:0000463|HP:0000508|HP:0000767|HP:0000768|HP:0001166|HP:0001182|HP:0001249|HP:0001252|HP:0001263|HP:0001363|HP:0002616|HP:0002705,easy
P_shprintzen_goldberg_095,Shprintzen-Goldberg syndrome,HP:0000028|HP:0000316|HP:0000347|HP:0000508|HP:0000768|HP:0001166|HP:0001249|HP:0001252|HP:0001263|HP:0001363|HP:0001371|HP:0001537|HP:0001539|HP:0001540|HP:0001634|HP:0002650,easy
P_shprintzen_goldberg_096,Shprintzen-Goldberg syndrome,HP:0000028|HP:0000347|HP:0000463|HP:0000767|HP:0001166|HP:0001252|HP:0001263|HP:0001363|HP:0001371|HP:0001537|HP:0001539|HP:0002650,easy
P_shprintzen_goldberg_097,Shprintzen-Goldberg syndrome,HP:0000316|HP:0000767|HP:0001166|HP:0001249|HP:0001252|HP:0001263|HP:0001363|HP:0001539|HP:0001634|HP:0002650,easy
P_shprintzen_goldberg_098,Shprintzen-Goldberg syndrome,HP:0000278|HP:0000316|HP:0000463|HP:0000508|HP:0001166|HP:0001182|HP:0001249|HP:0001263|HP:0001537|HP:0001539|HP:0002650|HP:0002705,easy
P_shprintzen_goldberg_099,Shprintzen-Goldberg syndrome,HP:0000028|HP:0000272|HP:0000278|HP:0000316|HP:0000347|HP:0000463|HP:0000508|HP:0000768|HP:0001166|HP:0001182|HP:0001249|HP:0001252|HP:0001263|HP:0001363|HP:0001537|HP:0001539|HP:0001634|HP:0002650|HP:0002705,easy
P_shprintzen_goldberg_100,Shprintzen-Goldberg syndrome,HP:0000272|HP:0000278|HP:0000316|HP:0000347|HP:0000508|HP:0000768|HP:0001182|HP:0001252|HP:0001263|HP:0001363|HP:0001371|HP:0001539|HP:0001634|HP:0002705,easy
P_shprintzen_goldberg_101,Shprintzen-Goldberg syndrome,HP:0000278|HP:0000316|HP:0001166|HP:0001182|HP:0001249|HP:0001252|HP:0001363|HP:0001371|HP:0002616|HP:0002650|HP:0002705,easy
P_shprintzen_goldberg_102,Shprintzen-Goldberg syndrome,HP:0000272|HP:0000278|HP:0000316|HP:0000347|HP:0000463|HP:0000508|HP:0000768|HP:0001166|HP:0001182|HP:0001249|HP:0001252|HP:0001263|HP:0001371|HP:0001537|HP:0001539|HP:0002616|HP:0002650|HP:0002705,easy
P_shprintzen_goldberg_103,Shprintzen-Goldberg syndrome,HP:0000028|HP:0000272|HP:0000278|HP:0000316|HP:0000347|HP:0000508|HP:0000767|HP:0001166|HP:0001249|HP:0001252|HP:0001263|HP:0001363|HP:0001371|HP:0001537|HP:0002650|HP:0002705,easy
P_shprintzen_goldberg_104,Shprintzen-Goldberg syndrome,HP:0000272|HP:0000278|HP:0000316|HP:0000347|HP:0000463|HP:0000767|HP:0001166|HP:0001249|HP:0001252|HP:0001263|HP:0001363|HP:0001537|HP:0001540|HP:0001634|HP:0002705,easy
P_shprintzen_goldberg_105,Shprintzen-Goldberg syndrome,HP:0000272|HP:0000278|HP:0000316|HP:0000347|HP:0000508|HP:0001166|HP:0001252|HP:0001263|HP:0001363|HP:0001537|HP:0001540|HP:0001634|HP:0002616,easy
P_shprintzen_goldberg_106,Shprintzen-Goldberg syndrome,HP:0000028|HP:0000272|HP:0000278|HP:0000316|HP:0000347|HP:0000767|HP:0000768|HP:0001166|HP:0001363|HP:0001371|HP:0001537|HP:0001539|HP:0002616|HP:0002650,easy
P_shprintzen_goldberg_107,Shprintzen-Goldberg syndrome,HP:0000028|HP:0000278|HP:0000463|HP:0000508|HP:0001166|HP:0001249|HP:0001252|HP:0001263|HP:0001363|HP:0001371|HP:0001537|HP:0001539|HP:0002650|HP:0002705,easy
P_shprintzen_goldberg_108,Shprintzen-Goldberg syndrome,HP:0000028|HP:0000278|HP:0000316|HP:0000347|HP:0000767|HP:0001166|HP:0001182|HP:0001249|HP:0001263|HP:0001363|HP:0001537|HP:0001539|HP:0002650,easy
P_shprintzen_goldberg_109,Shprintzen-Goldberg syndrome,HP:0000028|HP:0000272|HP:0000278|HP:0000316|HP:0000347|HP:0000463|HP:0000508|HP:0000767|HP:0001166|HP:0001252|HP:0001263|HP:0001363|HP:0001539|HP:0001540|HP:0002616|HP:0002650,easy
P_shprintzen_goldberg_110,Shprintzen-Goldberg syndrome,HP:0000272|HP:0000278|HP:0000347|HP:0000768|HP:0001166|HP:0001182|HP:0001263|HP:0001363|HP:0001537|HP:0001539|HP:0001540|HP:0001634|HP:0002650|HP:0002705,easy
P_shprintzen_goldberg_111,Shprintzen-Goldberg syndrome,HP:0000028|HP:0000272|HP:0000347|HP:0000463|HP:0000768|HP:0001166|HP:0001182|HP:0001249|HP:0001252|HP:0001263|HP:0001363|HP:0001371|HP:0001634|HP:0002616|HP:0002705,easy
P_shprintzen_goldberg_112,Shprintzen-Goldberg syndrome,HP:0000193|HP:0000272|HP:0000316|HP:0000347|HP:0000463|HP:0000508|HP:0001166|HP:0001252|HP:0001263|HP:0001363|HP:0001371|HP:0001539|HP:0001540|HP:0001634|HP:0002705,easy
P_shprintzen_goldberg_113,Shprintzen-Goldberg syndrome,HP:0000278|HP:0000316|HP:0000347|HP:0000463|HP:0000508|HP:0000767|HP:0001182|HP:0001252|HP:0001263|HP:0001363|HP:0001371|HP:0001539|HP:0001634|HP:0002616|HP:0002650,easy
P_shprintzen_goldberg_114,Shprintzen-Goldberg syndrome,HP:0000272|HP:0000278|HP:0000316|HP:0000347|HP:0001166|HP:0001249|HP:0001252|HP:0001263|HP:0001363|HP:0001371|HP:0001537|HP:0001539|HP:0002650,easy
P_shprintzen_goldberg_115,Shprintzen-Goldberg syndrome,HP:0000316|HP:0000347|HP:0001166|HP:0001182|HP:0001249|HP:0001252|HP:0001263|HP:0001363|HP:0001371|HP:0001539|HP:0001540|HP:0001634|HP:0002616,easy
P_shprintzen_goldberg_116,Shprintzen-Goldberg syndrome,HP:0000272|HP:0000278|HP:0000347|HP:0000463|HP:0000768|HP:0001166|HP:0001252|HP:0001263|HP:0001363|HP:0001371|HP:0001539|HP:0001540|HP:0002616|HP:0002705,easy
P_shprintzen_goldberg_117,Shprintzen-Goldberg syndrome,HP:0000272|HP:0000463|HP:0000508|HP:0000767|HP:0000768|HP:0001166|HP:0001182|HP:0001249|HP:0001252|HP:0001363|HP:0001371|HP:0001537|HP:0001540|HP:0001634|HP:0002650,easy
P_shprintzen_goldberg_118,Shprintzen-Goldberg syndrome,HP:0000028|HP:0000278|HP:0000463|HP:0000768|HP:0001182|HP:0001249|HP:0001252|HP:0001263|HP:0001363|HP:0001371|HP:0001540|HP:0002616|HP:0002650|HP:0002705,easy
P_shprintzen_goldberg_119,Shprintzen-Goldberg syndrome,HP:0000272|HP:0000278|HP:0000316|HP:0000463|HP:0001166|HP:0001182|HP:0001249|HP:0001252|HP:0001363|HP:0001371|HP:0001539|HP:0001540|HP:0002650,easy
P_shprintzen_goldberg_120,Shprintzen-Goldberg syndrome,HP:0000028|HP:0000278|HP:0000463|HP:0000767|HP:0000768|HP:0001166|HP:0001249|HP:0001252|HP:0001363|HP:0001537|HP:0001634|HP:0002705,easy
P_shprintzen_goldberg_121,Shprintzen-Goldberg syndrome,HP:0000028|HP:0000278|HP:0000316|HP:0000347|HP:0000463|HP:0001166|HP:0001182|HP:0001249|HP:0001263|HP:0001363|HP:0001371|HP:0001539|HP:0001540|HP:0002616|HP:0002650|HP:0002705,easy
P_shprintzen_goldberg_122,Shprintzen-Goldberg syndrome,HP:0000028|HP:0000278|HP:0000316|HP:0000347|HP:0000463|HP:0000508|HP:0000767|HP:0000768|HP:0001166|HP:0001249|HP:0001252|HP:0001263|HP:0001363|HP:0001537|HP:0001539|HP:0001540|HP:0001634|HP:0002705,easy
P_shprintzen_goldberg_123,Shprintzen-Goldberg syndrome,HP:0000028|HP:0000272|HP:0000278|HP:0000347|HP:0000508|HP:0000767|HP:0001249|HP:0001252|HP:0001263|HP:0001363|HP:0001371|HP:0001634|HP:0002705,easy
P_shprintzen_goldberg_124,Shprintzen-Goldberg syndrome,HP:0000316|HP:0000347|HP:0000463|HP:0000508|HP:0000768|HP:0001249|HP:0001252|HP:0001263|HP:0001363|HP:0001371|HP:0001537|HP:0001539|HP:0001634|HP:0002705,easy
P_shprintzen_goldberg_125,Shprintzen-Goldberg syndrome,HP:0000028|HP:0000272|HP:0000278|HP:0000316|HP:0000463|HP:0000508|HP:0000767|HP:0001166|HP:0001182|HP:0001249|HP:0001263|HP:0001363|HP:0001371|HP:0001539|HP:0002616|HP:0002650|HP:0002705,easy
P_shprintzen_goldberg_126,Shprintzen-Goldberg syndrome,HP:0000278|HP:0000316|HP:0000347|HP:0000463|HP:0000508|HP:0001166|HP:0001249|HP:0001252|HP:0001263|HP:0001363|HP:0001371|HP:0001537|HP:0001539|HP:0002616|HP:0002650|HP:0002705,easy
P_shprintzen_goldberg_127,Shprintzen-Goldberg syndrome,HP:0000028|HP:0000278|HP:0000316|HP:0000463|HP:0000767|HP:0000768|HP:0001166|HP:0001249|HP:0001252|HP:0001363|HP:0001371|HP:0001537|HP:0002616|HP:0002650|HP:0002705,easy
P_shprintzen_goldberg_128,Shprintzen-Goldberg syndrome,HP:0000316|HP:0000347|HP:0000463|HP:0001166|HP:0001182|HP:0001249|HP:0001263|HP:0001363|HP:0001371|HP:0001539|HP:0001540|HP:0002616|HP:0002705,easy
P_shprintzen_goldberg_129,Shprintzen-Goldberg syndrome,HP:0000028|HP:0000272|HP:0000278|HP:0000316|HP:0000347|HP:0000463|HP:0000508|HP:0000767|HP:0001166|HP:0001182|HP:0001249|HP:0001263|HP:0001363|HP:0001371|HP:0001537|HP:0001539|HP:0001540|HP:0002650,easy
P_shprintzen_goldberg_130,Shprintzen-Goldberg syndrome,HP:0000028|HP:0000278|HP:0000316|HP:0000347|HP:0000463|HP:0000508|HP:0001166|HP:0001249|HP:0001263|HP:0001363|HP:0001371|HP:0001537|HP:0002650,easy
P_shprintzen_goldberg_131,Shprintzen-Goldberg syndrome,HP:0000272|HP:0000278|HP:0000463|HP:0000508|HP:0000768|HP:0001166|HP:0001182|HP:0001249|HP:0001263|HP:0001371|HP:0001540|HP:0001659|HP:0002650,easy
P_shprintzen_goldberg_132,Shprintzen-Goldberg syndrome,HP:0000278|HP:0000316|HP:0000347|HP:0000463|HP:0000768|HP:0001249|HP:0001252|HP:0001263|HP:0001363|HP:0001371|HP:0002650|HP:0002705,easy
P_shprintzen_goldberg_133,Shprintzen-Goldberg syndrome,HP:0000028|HP:0000278|HP:0000316|HP:0000347|HP:0000463|HP:0000768|HP:0001166|HP:0001182|HP:0001249|HP:0001252|HP:0001263|HP:0001363|HP:0001371|HP:0001539|HP:0001634|HP:0002650|HP:0002705,easy
P_shprintzen_goldberg_134,Shprintzen-Goldberg syndrome,HP:0000278|HP:0000316|HP:0000347|HP:0000463|HP:0000508|HP:0000767|HP:0000768|HP:0001166|HP:0001249|HP:0001263|HP:0001363|HP:0001371|HP:0001539|HP:0001540|HP:0002616|HP:0002705,easy
P_shprintzen_goldberg_135,Shprintzen-Goldberg syndrome,HP:0000272|HP:0000278|HP:0000316|HP:0000463|HP:0000767|HP:0001166|HP:0001182|HP:0001252|HP:0001363|HP:0001371|HP:0001537|HP:0001539|HP:0001634,easy
P_shprintzen_goldberg_136,Shprintzen-Goldberg syndrome,HP:0000028|HP:0000272|HP:0000278|HP:0000316|HP:0001166|HP:0001182|HP:0001249|HP:0001252|HP:0001263|HP:0001363|HP:0001537|HP:0001539|HP:0001540|HP:0001634|HP:0002650,easy
P_shprintzen_goldberg_137,Shprintzen-Goldberg syndrome,HP:0000028|HP:0000278|HP:0000316|HP:0000347|HP:0000463|HP:0000508|HP:0000767|HP:0001166|HP:0001249|HP:0001252|HP:0001263|HP:0001363|HP:0001371|HP:0001537|HP:0001539|HP:0001634|HP:0002705,easy
P_shprintzen_goldberg_138,Shprintzen-Goldberg syndrome,HP:0000028|HP:0000278|HP:0000316|HP:0000347|HP:0001166|HP:0001182|HP:0001249|HP:0001252|HP:0001263|HP:0001363|HP:0001539|HP:0001540|HP:0002705,easy
P_shprintzen_goldberg_139,Shprintzen-Goldberg syndrome,HP:0000272|HP:0000278|HP:0000316|HP:0000347|HP:0001166|HP:0001182|HP:0001249|HP:0001252|HP:0001263|HP:0001363|HP:0001371|HP:0001539|HP:0001540|HP:0002705,easy
P_shprintzen_goldberg_140,Shprintzen-Goldberg syndrome,HP:0000316|HP:0000463|HP:0000508|HP:0000767|HP:0001166|HP:0001263|HP:0001371|HP:0001539,easy
P_shprintzen_goldberg_141,Shprintzen-Goldberg syndrome,HP:0000278|HP:0000316|HP:0000347|HP:0001166|HP:0001249|HP:0001252|HP:0001263|HP:0001363|HP:0001539|HP:0001634|HP:0002650|HP:0006380,easy
P_shprintzen_goldberg_142,Shprintzen-Goldberg syndrome,HP:0000278|HP:0000463|HP:0000508|HP:0000767|HP:0000768|HP:0001166|HP:0001182|HP:0001249|HP:0001263|HP:0001371|HP:0001539|HP:0001540|HP:0002616|HP:0002650|HP:0002705,easy
P_shprintzen_goldberg_143,Shprintzen-Goldberg syndrome,HP:0000272|HP:0000316|HP:0000347|HP:0000463|HP:0000767|HP:0001166|HP:0001182|HP:0001249|HP:0001252|HP:0001263|HP:0001363|HP:0001371|HP:0001539|HP:0001540|HP:0002616,easy
P_shprintzen_goldberg_144,Shprintzen-Goldberg syndrome,HP:0000028|HP:0000316|HP:0000767|HP:0001166|HP:0001249|HP:0001263|HP:0001363|HP:0001371|HP:0001634|HP:0002705,easy
P_shprintzen_goldberg_145,Shprintzen-Goldberg syndrome,HP:0000316|HP:0000347|HP:0001166|HP:0001249|HP:0001252|HP:0001263|HP:0001363|HP:0001537|HP:0001539|HP:0002650|HP:0002705,easy
P_shprintzen_goldberg_146,Shprintzen-Goldberg syndrome,HP:0000028|HP:0000272|HP:0000278|HP:0000316|HP:0000347|HP:0000508|HP:0001166|HP:0001249|HP:0001363|HP:0001537|HP:0001539|HP:0002650|HP:0002705,easy
P_shprintzen_goldberg_147,Shprintzen-Goldberg syndrome,HP:0000028|HP:0000347|HP:0001252|HP:0001263|HP:0001363|HP:0001539|HP:0001634|HP:0002705|HP:0004942,easy
P_shprintzen_goldberg_148,Shprintzen-Goldberg syndrome,HP:0000028|HP:0000316|HP:0000463|HP:0000508|HP:0000767|HP:0000768|HP:0001166|HP:0001182|HP:0001249|HP:0001252|HP:0001263|HP:0001363|HP:0001537|HP:0001539|HP:0001540|HP:0002650,easy
P_shprintzen_goldberg_149,Shprintzen-Goldberg syndrome,HP:0000028|HP:0000272|HP:0000278|HP:0000316|HP:0000347|HP:0000508|HP:0000767|HP:0000768|HP:0001166|HP:0001249|HP:0001252|HP:0001263|HP:0001363|HP:0001539|HP:0001540|HP:0001634|HP:0002650,easy
P_shprintzen_goldberg_150,Shprintzen-Goldberg syndrome,HP:0000028|HP:0000278|HP:0000316|HP:0000347|HP:0000508|HP:0000767|HP:0001166|HP:0001249|HP:0001252|HP:0001263|HP:0001363|HP:0001539|HP:0001540|HP:0002616|HP:0002650,easy
P_shprintzen_goldberg_151,Shprintzen-Goldberg syndrome,HP:0000272|HP:0000278|HP:0000316|HP:0000347|HP:0000508|HP:0001166|HP:0001249|HP:0001263|HP:0001363|HP:0001371|HP:0001537|HP:0001539|HP:0001540|HP:0002616|HP:0002650|HP:0002705,easy
P_shprintzen_goldberg_152,Shprintzen-Goldberg syndrome,HP:0000028|HP:0000278|HP:0000316|HP:0000463|HP:0001166|HP:0001182|HP:0001263|HP:0001363|HP:0001371|HP:0001540|HP:0002616|HP:0002650|HP:0002705,easy
P_shprintzen_goldberg_153,Shprintzen-Goldberg syndrome,HP:0000028|HP:0000316|HP:0000347|HP:0000463|HP:0001065|HP:0001166|HP:0001182|HP:0001249|HP:0001252|HP:0001263|HP:0001363|HP:0001371|HP:0001537|HP:0001634|HP:0001763|HP:0002616|HP:0002650|HP:0002705,easy
P_shprintzen_goldberg_154,Shprintzen-Goldberg syndrome,HP:0000028|HP:0000278|HP:0000316|HP:0000767|HP:0001166|HP:0001363|HP:0001537|HP:0001634|HP:0002705,easy
P_shprintzen_goldberg_155,Shprintzen-Goldberg syndrome,HP:0000028|HP:0000272|HP:0000278|HP:0000316|HP:0000347|HP:0000768|HP:0001166|HP:0001182|HP:0001249|HP:0001252|HP:0001263|HP:0001371|HP:0001537|HP:0001540|HP:0002650,easy
P_shprintzen_goldberg_156,Shprintzen-Goldberg syndrome,HP:0000028|HP:0000278|HP:0000316|HP:0000463|HP:0000508|HP:0000767|HP:0001166|HP:0001182|HP:0001249|HP:0001252|HP:0001263|HP:0001371|HP:0001537|HP:0001540|HP:0002650,easy
P_shprintzen_goldberg_157,Shprintzen-Goldberg syndrome,HP:0000028|HP:0000272|HP:0000316|HP:0000347|HP:0000508|HP:0000767|HP:0001166|HP:0001182|HP:0001249|HP:0001252|HP:0001263|HP:0001363|HP:0001371|HP:0001634|HP:0002616|HP:0002650|HP:0002705,easy
P_shprintzen_goldberg_158,Shprintzen-Goldberg syndrome,HP:0000272|HP:0000316|HP:0000347|HP:0000508|HP:0000767|HP:0001249|HP:0001252|HP:0001363|HP:0001537|HP:0001539|HP:0001634|HP:0002650,easy
P_shprintzen_goldberg_159,Shprintzen-Goldberg syndrome,HP:0000028|HP:0000278|HP:0000316|HP:0000347|HP:0000463|HP:0000767|HP:0000768|HP:0001166|HP:0001182|HP:0001249|HP:0001252|HP:0001363|HP:0001539|HP:0002705,easy
P_shprintzen_goldberg_160,Shprintzen-Goldberg syndrome,HP:0000028|HP:0000278|HP:0000316|HP:0000347|HP:0000767|HP:0001166|HP:0001182|HP:0001249|HP:0001252|HP:0001363|HP:0001371|HP:0001537|HP:0001539|HP:0002705,easy
P_shprintzen_goldberg_161,Shprintzen-Goldberg syndrome,HP:0000278|HP:0000316|HP:0000347|HP:0000463|HP:0000767|HP:0001166|HP:0001249|HP:0001252|HP:0001263|HP:0001371|HP:0001537|HP:0001539|HP:0001540|HP:0002650|HP:0002705,easy
P_shprintzen_goldberg_162,Shprintzen-Goldberg syndrome,HP:0000278|HP:0000316|HP:0000508|HP:0001166|HP:0001249|HP:0001263|HP:0001363|HP:0001371|HP:0002650|HP:0002705,easy
P_shprintzen_goldberg_163,Shprintzen-Goldberg syndrome,HP:0000028|HP:0000272|HP:0000278|HP:0000316|HP:0000463|HP:0000508|HP:0001166|HP:0001249|HP:0001252|HP:0001263|HP:0001363|HP:0001371|HP:0001537|HP:0001539|HP:0001540|HP:0002616|HP:0002650,easy
P_shprintzen_goldberg_164,Shprintzen-Goldberg syndrome,HP:0000028|HP:0000272|HP:0000278|HP:0000316|HP:0000347|HP:0000508|HP:0000767|HP:0001166|HP:0001182|HP:0001249|HP:0001263|HP:0001363|HP:0001537|HP:0001539|HP:0001540|HP:0002616,easy
P_shprintzen_goldberg_165,Shprintzen-Goldberg syndrome,HP:0000272|HP:0000278|HP:0000316|HP:0000347|HP:0000463|HP:0001166|HP:0001182|HP:0001249|HP:0001252|HP:0001363|HP:0001371|HP:0001537|HP:0001540|HP:0001634|HP:0002705,easy
P_shprintzen_goldberg_166,Shprintzen-Goldberg syndrome,HP:0000028|HP:0000278|HP:0000347|HP:0000463|HP:0000508|HP:0000767|HP:0001166|HP:0001182|HP:0001249|HP:0001263|HP:0001363|HP:0001371|HP:0001539|HP:0001540|HP:0002650|HP:0002705,easy
P_shprintzen_goldberg_167,Shprintzen-Goldberg syndrome,HP:0000028|HP:0000272|HP:0000278|HP:0000463|HP:0000767|HP:0000768|HP:0001249|HP:0001252|HP:0001263|HP:0001363|HP:0001537|HP:0001539|HP:0001540|HP:0001634|HP:0002705,easy
P_shprintzen_goldberg_168,Shprintzen-Goldberg syndrome,HP:0000028|HP:0000278|HP:0000316|HP:0000347|HP:0000463|HP:0000767|HP:0001166|HP:0001249|HP:0001252|HP:0001263|HP:0001537|HP:0001539,easy
P_shprintzen_goldberg_169,Shprintzen-Goldberg syndrome,HP:0000028|HP:0000272|HP:0000278|HP:0000316|HP:0000347|HP:0000463|HP:0000767|HP:0001166|HP:0001182|HP:0001252|HP:0001363|HP:0001371|HP:0001537|HP:0001539|HP:0001540|HP:0001634,easy
P_shprintzen_goldberg_170,Shprintzen-Goldberg syndrome,HP:0000028|HP:0000278|HP:0000316|HP:0000768|HP:0001166|HP:0001182|HP:0001263|HP:0001363|HP:0001371|HP:0001537|HP:0001540|HP:0001634|HP:0002616|HP:0002705,easy
P_shprintzen_goldberg_171,Shprintzen-Goldberg syndrome,HP:0000028|HP:0000272|HP:0000278|HP:0000316|HP:0000463|HP:0000508|HP:0001166|HP:0001182|HP:0001249|HP:0001252|HP:0001363|HP:0001371|HP:0001539,easy
P_shprintzen_goldberg_172,Shprintzen-Goldberg syndrome,HP:0000028|HP:0000272|HP:0000278|HP:0000347|HP:0000463|HP:0000508|HP:0001166|HP:0001249|HP:0001252|HP:0001263|HP:0001363|HP:0001537|HP:0001539|HP:0001540|HP:0002616,easy
P_shprintzen_goldberg_173,Shprintzen-Goldberg syndrome,HP:0000028|HP:0000316|HP:0000347|HP:0000508|HP:0001166|HP:0001182|HP:0001249|HP:0001363|HP:0001371|HP:0001540|HP:0001634|HP:0002705,easy
P_shprintzen_goldberg_174,Shprintzen-Goldberg syndrome,HP:0000028|HP:0000278|HP:0000316|HP:0000463|HP:0000508|HP:0001166|HP:0001182|HP:0001252|HP:0001263|HP:0001363|HP:0001537|HP:0001539|HP:0001540|HP:0002705,easy
P_shprintzen_goldberg_175,Shprintzen-Goldberg syndrome,HP:0000028|HP:0000278|HP:0000316|HP:0000347|HP:0000508|HP:0000767|HP:0000768|HP:0001166|HP:0001182|HP:0001249|HP:0001263|HP:0001363|HP:0001371|HP:0001539|HP:0002705,easy
P_shprintzen_goldberg_176,Shprintzen-Goldberg syndrome,HP:0000028|HP:0000272|HP:0000278|HP:0000316|HP:0000347|HP:0000508|HP:0000767|HP:0001166|HP:0001249|HP:0001263|HP:0001363|HP:0001371|HP:0001537|HP:0001539|HP:0001540,easy
P_shprintzen_goldberg_177,Shprintzen-Goldberg syndrome,HP:0000028|HP:0000278|HP:0000347|HP:0000508|HP:0001166|HP:0001182|HP:0001249|HP:0001252|HP:0001263|HP:0001363|HP:0001371|HP:0001537|HP:0002650,easy
P_shprintzen_goldberg_178,Shprintzen-Goldberg syndrome,HP:0000028|HP:0000272|HP:0000278|HP:0000316|HP:0000347|HP:0000463|HP:0000508|HP:0001166|HP:0001249|HP:0001252|HP:0001263|HP:0001363|HP:0001371|HP:0001539|HP:0001540|HP:0002650,easy
P_shprintzen_goldberg_179,Shprintzen-Goldberg syndrome,HP:0000028|HP:0000272|HP:0000278|HP:0000316|HP:0000347|HP:0000463|HP:0001182|HP:0001252|HP:0001263|HP:0001363|HP:0001371|HP:0001539|HP:0001540|HP:0001634,easy
P_shprintzen_goldberg_180,Shprintzen-Goldberg syndrome,HP:0000028|HP:0000272|HP:0000278|HP:0000316|HP:0000347|HP:0000463|HP:0000768|HP:0001166|HP:0001249|HP:0001252|HP:0001263|HP:0001363|HP:0001537|HP:0001539|HP:0001540|HP:0001634|HP:0002705,easy
P_shprintzen_goldberg_181,Shprintzen-Goldberg syndrome,HP:0000272|HP:0000278|HP:0000316|HP:0000347|HP:0000463|HP:0000768|HP:0001166|HP:0001182|HP:0001249|HP:0001252|HP:0001263|HP:0001363|HP:0001371|HP:0001537|HP:0001539|HP:0001540|HP:0001634|HP:0002705,easy
P_shprintzen_goldberg_182,Shprintzen-Goldberg syndrome,HP:0000028|HP:0000278|HP:0000316|HP:0000463|HP:0000508|HP:0001166|HP:0001182|HP:0001249|HP:0001252|HP:0001263|HP:0001363|HP:0001371|HP:0001540|HP:0002616|HP:0002650|HP:0002705,easy
P_shprintzen_goldberg_183,Shprintzen-Goldberg syndrome,HP:0000278|HP:0000347|HP:0000508|HP:0000767|HP:0001182|HP:0001249|HP:0001252|HP:0001263|HP:0001363|HP:0001540|HP:0001634|HP:0002616|HP:0002650|HP:0002705,easy
P_shprintzen_goldberg_184,Shprintzen-Goldberg syndrome,HP:0000028|HP:0000316|HP:0000508|HP:0000767|HP:0001166|HP:0001249|HP:0001252|HP:0001263|HP:0001363|HP:0001371|HP:0001539|HP:0001540|HP:0002650|HP:0002705,easy
P_shprintzen_goldberg_185,Shprintzen-Goldberg syndrome,HP:0000028|HP:0000316|HP:0000347|HP:0000508|HP:0000768|HP:0001166|HP:0001249|HP:0001263|HP:0001363|HP:0001371|HP:0001537|HP:0001539|HP:0002616|HP:0002650|HP:0002705,easy
P_shprintzen_goldberg_186,Shprintzen-Goldberg syndrome,HP:0000272|HP:0000316|HP:0000347|HP:0000508|HP:0001166|HP:0001182|HP:0001252|HP:0001363|HP:0001371|HP:0001539|HP:0001540|HP:0002616|HP:0002650,easy
P_shprintzen_goldberg_187,Shprintzen-Goldberg syndrome,HP:0000028|HP:0000316|HP:0000347|HP:0000463|HP:0000508|HP:0000767|HP:0000768|HP:0001166|HP:0001182|HP:0001249|HP:0001252|HP:0001263|HP:0001363|HP:0001371|HP:0002650,easy
P_shprintzen_goldberg_188,Shprintzen-Goldberg syndrome,HP:0000272|HP:0000278|HP:0000316|HP:0000347|HP:0000508|HP:0000767|HP:0000768|HP:0001166|HP:0001182|HP:0001249|HP:0001252|HP:0001263|HP:0001363|HP:0001540,easy
P_shprintzen_goldberg_189,Shprintzen-Goldberg syndrome,HP:0000272|HP:0000278|HP:0000316|HP:0000347|HP:0000463|HP:0000767|HP:0001182|HP:0001249|HP:0001252|HP:0001263|HP:0001363|HP:0001371|HP:0001537|HP:0001539|HP:0002650|HP:0002705,easy
P_shprintzen_goldberg_190,Shprintzen-Goldberg syndrome,HP:0000028|HP:0000272|HP:0000316|HP:0000347|HP:0000767|HP:0000768|HP:0001166|HP:0001249|HP:0001252|HP:0001363|HP:0001539|HP:0001634|HP:0002705,easy
P_shprintzen_goldberg_191,Shprintzen-Goldberg syndrome,HP:0000272|HP:0000278|HP:0000316|HP:0000347|HP:0001166|HP:0001182|HP:0001249|HP:0001252|HP:0001263|HP:0001371|HP:0001539|HP:0002650|HP:0002705,easy
P_shprintzen_goldberg_192,Shprintzen-Goldberg syndrome,HP:0000028|HP:0000316|HP:0000347|HP:0000508|HP:0001166|HP:0001249|HP:0001263|HP:0001363|HP:0001371|HP:0001537|HP:0001539|HP:0001540|HP:0002705,easy
P_shprintzen_goldberg_193,Shprintzen-Goldberg syndrome,HP:0000272|HP:0000278|HP:0000316|HP:0000463|HP:0000767|HP:0001249|HP:0001252|HP:0001263|HP:0001363|HP:0001537|HP:0001539|HP:0002705,easy
P_shprintzen_goldberg_194,Shprintzen-Goldberg syndrome,HP:0000028|HP:0000272|HP:0000278|HP:0000316|HP:0000347|HP:0000463|HP:0001166|HP:0001182|HP:0001249|HP:0001252|HP:0001263|HP:0001363|HP:0001371|HP:0001537|HP:0001539|HP:0001540|HP:0001634|HP:0002616|HP:0002705,easy
P_shprintzen_goldberg_195,Shprintzen-Goldberg syndrome,HP:0000028|HP:0000272|HP:0000316|HP:0000347|HP:0000508|HP:0000767|HP:0001166|HP:0001182|HP:0001249|HP:0001263|HP:0001363|HP:0001371|HP:0001539,easy
P_shprintzen_goldberg_196,Shprintzen-Goldberg syndrome,HP:0000028|HP:0000278|HP:0000316|HP:0000347|HP:0000768|HP:0001166|HP:0001249|HP:0001252|HP:0001263|HP:0001363|HP:0001371|HP:0001540|HP:0001634|HP:0002705,easy
P_shprintzen_goldberg_197,Shprintzen-Goldberg syndrome,HP:0000028|HP:0000272|HP:0000278|HP:0000316|HP:0000347|HP:0000463|HP:0000508|HP:0001166|HP:0001249|HP:0001252|HP:0001263|HP:0001363|HP:0001371|HP:0001540|HP:0002616|HP:0002650|HP:0002705,easy
P_shprintzen_goldberg_198,Shprintzen-Goldberg syndrome,HP:0000028|HP:0000316|HP:0000347|HP:0001166|HP:0001249|HP:0001252|HP:0001263|HP:0001363|HP:0002616|HP:0002705,easy
P_shprintzen_goldberg_199,Shprintzen-Goldberg syndrome,HP:0000272|HP:0000278|HP:0000347|HP:0000463|HP:0000508|HP:0000767|HP:0000768|HP:0001166|HP:0001182|HP:0001249|HP:0001252|HP:0001263|HP:0001363|HP:0001371|HP:0001540|HP:0002650|HP:0002705,easy
P_mass_000,MASS phenotype,HP:0000545|HP:0000767|HP:0001166|HP:0001382|HP:0001519|HP:0002616|HP:0002650|HP:0002705,easy
P_mass_001,MASS phenotype,HP:0000098|HP:0000768|HP:0001065|HP:0001166|HP:0001382|HP:0001519|HP:0001634|HP:0001653|HP:0001763|HP:0002616,easy
P_mass_002,MASS phenotype,HP:0000767|HP:0000768|HP:0001065|HP:0001166|HP:0001382|HP:0001519|HP:0001634|HP:0002616,easy
P_mass_003,MASS phenotype,HP:0000767|HP:0000768|HP:0001065|HP:0001166|HP:0001519|HP:0001634|HP:0002616|HP:0002650|HP:0002705,easy
P_mass_004,MASS phenotype,HP:0000098|HP:0001519|HP:0001634|HP:0002650|HP:0002705,easy
P_mass_005,MASS phenotype,HP:0000545|HP:0000767|HP:0000768|HP:0001382|HP:0001519|HP:0001634|HP:0002650,easy
P_mass_006,MASS phenotype,HP:0000545|HP:0000768|HP:0001166|HP:0001382|HP:0001519|HP:0001634|HP:0002616,easy
P_mass_007,MASS phenotype,HP:0000545|HP:0000767|HP:0001065|HP:0001166|HP:0001382|HP:0001519|HP:0001634|HP:0001653|HP:0002650|HP:0002705,easy
P_mass_008,MASS phenotype,HP:0000545|HP:0000767|HP:0001166|HP:0001382|HP:0001634|HP:0001653|HP:0001763,easy
P_mass_009,MASS phenotype,HP:0000545|HP:0000767|HP:0001065|HP:0001382|HP:0001634|HP:0001763|HP:0002705,easy
P_mass_010,MASS phenotype,HP:0000098|HP:0000767|HP:0000768|HP:0001065|HP:0001382|HP:0001519|HP:0001634|HP:0001763,easy
P_mass_011,MASS phenotype,HP:0000545|HP:0000767|HP:0000768|HP:0001166|HP:0001634|HP:0001763|HP:0002650,easy
P_mass_012,MASS phenotype,HP:0000098|HP:0000767|HP:0000768|HP:0001065|HP:0001519|HP:0001634|HP:0001653|HP:0001763|HP:0002650,easy
P_mass_013,MASS phenotype,HP:0000098|HP:0001065|HP:0001519|HP:0001634|HP:0001653|HP:0001763|HP:0002650|HP:0002705,easy
P_mass_014,MASS phenotype,HP:0000098|HP:0000768|HP:0001065|HP:0001166|HP:0001519|HP:0001634|HP:0001653|HP:0001763|HP:0002616,easy
P_mass_015,MASS phenotype,HP:0000098|HP:0000768|HP:0001065|HP:0001519|HP:0001634|HP:0001763|HP:0002650,easy
P_mass_016,MASS phenotype,HP:0000098|HP:0000767|HP:0000768|HP:0001166|HP:0001519|HP:0001634|HP:0001653|HP:0002616|HP:0002650|HP:0002705,easy
P_mass_017,MASS phenotype,HP:0000098|HP:0000768|HP:0001166|HP:0001382|HP:0001519|HP:0001634|HP:0001653|HP:0002616|HP:0002705,easy
P_mass_018,MASS phenotype,HP:0000098|HP:0000768|HP:0001166|HP:0001382|HP:0001519|HP:0001634|HP:0001763|HP:0002616|HP:0002650,easy
P_mass_019,MASS phenotype,HP:0000098|HP:0000767|HP:0000768|HP:0001519|HP:0001634|HP:0002616,easy
P_mass_020,MASS phenotype,HP:0000767|HP:0001166|HP:0001634|HP:0002705,easy
P_mass_021,MASS phenotype,HP:0000098|HP:0000768|HP:0001065|HP:0001166|HP:0001382|HP:0001519|HP:0001634|HP:0002705,easy
P_mass_022,MASS phenotype,HP:0000545|HP:0001166|HP:0001519|HP:0001634|HP:0001763|HP:0002616,easy
P_mass_023,MASS phenotype,HP:0000098|HP:0000768|HP:0001166|HP:0001519|HP:0001634|HP:0002616,easy
P_mass_024,MASS phenotype,HP:0000098|HP:0001065|HP:0001166|HP:0001382|HP:0001519|HP:0001634|HP:0001653|HP:0001763|HP:0002616,easy
P_mass_025,MASS phenotype,HP:0000545|HP:0000768|HP:0001065|HP:0001166|HP:0001519|HP:0001634|HP:0002616,easy
P_mass_026,MASS phenotype,HP:0000098|HP:0000545|HP:0000768|HP:0001166|HP:0001382|HP:0001519|HP:0001634|HP:0001653|HP:0002616|HP:0002650,easy
P_mass_027,MASS phenotype,HP:0000098|HP:0000545|HP:0001065|HP:0001166|HP:0001382|HP:0001519|HP:0001634|HP:0001653|HP:0002616|HP:0002705,easy
P_mass_028,MASS phenotype,HP:0000545|HP:0000768|HP:0001065|HP:0001166|HP:0001382|HP:0001634|HP:0001763|HP:0002705,easy
P_mass_029,MASS phenotype,HP:0000545|HP:0001166|HP:0001382|HP:0001519|HP:0001634|HP:0001653|HP:0002616,easy
P_mass_030,MASS phenotype,HP:0000098|HP:0000767|HP:0000768|HP:0001382|HP:0001519|HP:0001634|HP:0002616|HP:0002650,easy
P_mass_031,MASS phenotype,HP:0000545|HP:0001166|HP:0001382|HP:0001519|HP:0001634|HP:0002616|HP:0002705,easy
P_mass_032,MASS phenotype,HP:0000545|HP:0000767|HP:0000768|HP:0001166|HP:0001382|HP:0001634|HP:0001763|HP:0002616|HP:0002650,easy
P_mass_033,MASS phenotype,HP:0000545|HP:0000767|HP:0000768|HP:0001065|HP:0001166|HP:0001519|HP:0001634|HP:0001763|HP:0002705,easy
P_mass_034,MASS phenotype,HP:0000098|HP:0000545|HP:0000767|HP:0000768|HP:0001065|HP:0001166|HP:0001519|HP:0001634,easy
P_mass_035,MASS phenotype,HP:0000098|HP:0001382|HP:0001519|HP:0001634|HP:0001653|HP:0001763|HP:0002616|HP:0002705,easy
P_mass_036,MASS phenotype,HP:0000098|HP:0000768|HP:0001065|HP:0001166|HP:0001634|HP:0001763|HP:0002616,easy
P_mass_037,MASS phenotype,HP:0001065|HP:0001166|HP:0001382|HP:0001519|HP:0001634|HP:0001653|HP:0001763|HP:0002616,easy
P_mass_038,MASS phenotype,HP:0000768|HP:0001065|HP:0001166|HP:0001382|HP:0001634|HP:0001653|HP:0002616|HP:0002650,easy
P_mass_039,MASS phenotype,HP:0000768|HP:0001065|HP:0001382|HP:0001519|HP:0002616|HP:0002650|HP:0002705,easy
P_mass_040,MASS phenotype,HP:0000098|HP:0000768|HP:0001065|HP:0001166|HP:0001634|HP:0001653|HP:0002650,easy
P_mass_041,MASS phenotype,HP:0000098|HP:0001166|HP:0001653,easy
P_mass_042,MASS phenotype,HP:0000098|HP:0000767|HP:0000768|HP:0001065|HP:0001166|HP:0001382|HP:0001634|HP:0001653|HP:0002650|HP:0002705,easy
P_mass_043,MASS phenotype,HP:0000098|HP:0001166|HP:0001519|HP:0001634|HP:0001763|HP:0002616,easy
P_mass_044,MASS phenotype,HP:0000098|HP:0000768|HP:0001166|HP:0001634|HP:0001653|HP:0001763,easy
P_mass_045,MASS phenotype,HP:0000545|HP:0001166|HP:0001519|HP:0001634|HP:0002650|HP:0002705,easy
P_mass_046,MASS phenotype,HP:0000098|HP:0000768|HP:0001065|HP:0001166|HP:0001382|HP:0001634|HP:0001653|HP:0001763|HP:0002650|HP:0002705,easy
P_mass_047,MASS phenotype,HP:0000545|HP:0001065|HP:0001382|HP:0001519|HP:0001634|HP:0001653|HP:0001763|HP:0002616|HP:0002650|HP:0002705,easy
P_mass_048,MASS phenotype,HP:0001065|HP:0001166|HP:0001382|HP:0001634|HP:0001763|HP:0002650|HP:0002705,easy
P_mass_049,MASS phenotype,HP:0000098|HP:0000545|HP:0001065|HP:0001166|HP:0001519|HP:0001634|HP:0001653|HP:0002616|HP:0002650|HP:0002705,easy
P_mass_050,MASS phenotype,HP:0000098|HP:0001166|HP:0001634|HP:0001653|HP:0001763,easy
P_mass_051,MASS phenotype,HP:0001065|HP:0001382|HP:0001634|HP:0001653|HP:0001763|HP:0002650,easy
P_mass_052,MASS phenotype,HP:0000098|HP:0000545|HP:0000767|HP:0000768|HP:0001634|HP:0002616|HP:0002650,easy
P_mass_053,MASS phenotype,HP:0000098|HP:0000768|HP:0001166|HP:0001519|HP:0001634|HP:0001653|HP:0002616|HP:0002705,easy
P_mass_054,MASS phenotype,HP:0000098|HP:0001065|HP:0001382|HP:0001519|HP:0001634|HP:0001763|HP:0002616|HP:0002650,easy
P_mass_055,MASS phenotype,HP:0000545|HP:0000767|HP:0000768|HP:0001166|HP:0001382|HP:0001634|HP:0001763|HP:0002616,easy
P_mass_056,MASS phenotype,HP:0000098|HP:0000545|HP:0000768|HP:0001166|HP:0001382|HP:0001519|HP:0001634|HP:0001653|HP:0001763|HP:0002650,easy
P_mass_057,MASS phenotype,HP:0001065|HP:0001519|HP:0001634|HP:0001653|HP:0002616,easy
P_mass_058,MASS phenotype,HP:0000098|HP:0000767|HP:0001065|HP:0001166|HP:0001382|HP:0001519|HP:0001634|HP:0001763|HP:0002616|HP:0002705,easy
P_mass_059,MASS phenotype,HP:0000098|HP:0000545|HP:0000767|HP:0000768|HP:0001065|HP:0001166|HP:0001382|HP:0001519|HP:0001634|HP:0001763|HP:0002650|HP:0002705,hard
P_mass_060,MASS phenotype,HP:0000316|HP:0001065|HP:0001166|HP:0001382|HP:0001634|HP:0002616,easy
P_mass_061,MASS phenotype,HP:0000098|HP:0000545|HP:0001065|HP:0001166|HP:0001519|HP:0001634|HP:0001653|HP:0002616|HP:0002650,easy
P_mass_062,MASS phenotype,HP:0000098|HP:0000545|HP:0000768|HP:0001065|HP:0001166|HP:0001382|HP:0001519|HP:0001653|HP:0001763|HP:0002616,easy
P_mass_063,MASS phenotype,HP:0000545|HP:0000768|HP:0001065|HP:0001166|HP:0001363|HP:0001382|HP:0001634|HP:0002616|HP:0002650,easy
P_mass_064,MASS phenotype,HP:0000098|HP:0000545|HP:0000768|HP:0001065|HP:0001166|HP:0001382|HP:0001634|HP:0001653|HP:0001763|HP:0002616|HP:0002650,easy
P_mass_065,MASS phenotype,HP:0001166|HP:0001519|HP:0001634|HP:0001763,easy
P_mass_066,MASS phenotype,HP:0000768|HP:0001166|HP:0001519|HP:0001634|HP:0001653|HP:0001763|HP:0002616|HP:0002705,easy
P_mass_067,MASS phenotype,HP:0001065|HP:0001634|HP:0001763|HP:0002616|HP:0002650,easy
P_mass_068,MASS phenotype,HP:0000098|HP:0001065|HP:0001166|HP:0001382|HP:0001519|HP:0001634|HP:0001763|HP:0002616|HP:0002650|HP:0002705,hard
P_mass_069,MASS phenotype,HP:0000545|HP:0000767|HP:0000768|HP:0001166|HP:0001382|HP:0001519|HP:0001634|HP:0001653|HP:0001763|HP:0002616,easy
P_mass_070,MASS phenotype,HP:0000098|HP:0000545|HP:0000768|HP:0001166|HP:0001634|HP:0001653,easy
P_mass_071,MASS phenotype,HP:0000098|HP:0001166|HP:0001519|HP:0001634|HP:0001653|HP:0001763|HP:0002616,easy
P_mass_072,MASS phenotype,HP:0000767|HP:0000768|HP:0001065|HP:0001166|HP:0001519|HP:0001634|HP:0001653|HP:0002616|HP:0002705,easy
P_mass_073,MASS phenotype,HP:0001382|HP:0001519|HP:0001653,easy
P_mass_074,MASS phenotype,HP:0000098|HP:0000545|HP:0001166|HP:0001382|HP:0001634|HP:0001653|HP:0001763|HP:0002616|HP:0002650|HP:0002705,easy
P_mass_075,MASS phenotype,HP:0000098|HP:0000545|HP:0001166|HP:0001382|HP:0001519|HP:0001634|HP:0001653|HP:0001763,easy
P_mass_076,MASS phenotype,HP:0000098|HP:0000545|HP:0000767|HP:0001065|HP:0001166|HP:0001519|HP:0001634|HP:0002616|HP:0002650|HP:0002705,easy
P_mass_077,MASS phenotype,HP:0000098|HP:0000767|HP:0001065|HP:0001166|HP:0001382|HP:0001519|HP:0001634|HP:0001653,easy
P_mass_078,MASS phenotype,HP:0000098|HP:0000545|HP:0000768|HP:0001065|HP:0001166|HP:0001519|HP:0001634|HP:0001653|HP:0002616|HP:0002650,easy
P_mass_079,MASS phenotype,HP:0000098|HP:0001065|HP:0001519|HP:0001634|HP:0001653,easy
P_mass_080,MASS phenotype,HP:0000098|HP:0000545|HP:0000768|HP:0001065|HP:0001166|HP:0001382|HP:0001519|HP:0001634|HP:0001763|HP:0002650,easy
P_mass_081,MASS phenotype,HP:0001065|HP:0001166|HP:0001382|HP:0001634|HP:0001653,easy
P_mass_082,MASS phenotype,HP:0000098|HP:0000767|HP:0000768|HP:0001065|HP:0001166|HP:0001382|HP:0001519|HP:0001634|HP:0001653|HP:0001763|HP:0002616|HP:0002650,hard
P_mass_083,MASS phenotype,HP:0000768|HP:0001065|HP:0001382|HP:0001634|HP:0002650|HP:0002705,easy
P_mass_084,MASS phenotype,HP:0000545|HP:0000768|HP:0001166|HP:0001763,easy
P_mass_085,MASS phenotype,HP:0000545|HP:0000768|HP:0001065|HP:0001382|HP:0001519|HP:0001634|HP:0001653|HP:0002650|HP:0002705,easy
P_mass_086,MASS phenotype,HP:0000098|HP:0001065|HP:0001166|HP:0001382|HP:0001519|HP:0001634|HP:0001653|HP:0001763|HP:0002705,easy
P_mass_087,MASS phenotype,HP:0000098|HP:0000767|HP:0001065|HP:0001166|HP:0001519|HP:0001634|HP:0001763|HP:0002616,easy
P_mass_088,MASS phenotype,HP:0000098|HP:0001065|HP:0001166|HP:0001634|HP:0001763|HP:0002616|HP:0002705,easy
P_mass_089,MASS phenotype,HP:0001382|HP:0001634|HP:0001653|HP:0002616|HP:0002705,easy
P_mass_090,MASS phenotype,HP:0000098|HP:0001634,easy
P_mass_091,MASS phenotype,HP:0000545|HP:0001065|HP:0001634|HP:0001763|HP:0002616,easy
P_mass_092,MASS phenotype,HP:0000098|HP:0000545|HP:0001166|HP:0001382|HP:0001519|HP:0001634|HP:0001653|HP:0002616|HP:0002650|HP:0002705,easy
P_mass_093,MASS phenotype,HP:0000545|HP:0000768|HP:0001166|HP:0001382|HP:0001519|HP:0001634|HP:0001763,easy
P_mass_094,MASS phenotype,HP:0000098|HP:0001065|HP:0001166|HP:0001382|HP:0001519|HP:0001634|HP:0001763|HP:0002650|HP:0002705,easy
P_mass_095,MASS phenotype,HP:0001166|HP:0001382|HP:0001634|HP:0001653|HP:0001763|HP:0002650,easy
P_mass_096,MASS phenotype,HP:0000098|HP:0000545|HP:0001166|HP:0001519|HP:0001634|HP:0001653|HP:0002650|HP:0002705,easy
P_mass_097,MASS phenotype,HP:0000098|HP:0000768|HP:0001166|HP:0001382|HP:0001519|HP:0001634|HP:0001763|HP:0002650,easy
P_mass_098,MASS phenotype,HP:0000098|HP:0000767|HP:0001065|HP:0001382|HP:0001519|HP:0001634|HP:0001653|HP:0002616,easy
P_mass_099,MASS phenotype,HP:0000098|HP:0001065|HP:0001166|HP:0001382|HP:0001634|HP:0001653|HP:0002650,easy
P_mass_100,MASS phenotype,HP:0000768|HP:0001166|HP:0001382|HP:0001634|HP:0001653|HP:0002616|HP:0002650,easy
P_mass_101,MASS phenotype,HP:0000098|HP:0000768|HP:0001065|HP:0001519|HP:0001634|HP:0002616,easy
P_mass_102,MASS phenotype,HP:0000098|HP:0000767|HP:0000768|HP:0001166|HP:0001382|HP:0001519|HP:0001634|HP:0001763|HP:0002705,easy
P_mass_103,MASS phenotype,HP:0000098|HP:0000768|HP:0001166|HP:0001519|HP:0001634|HP:0002616,easy
P_mass_104,MASS phenotype,HP:0000098|HP:0000767|HP:0001065|HP:0001382|HP:0001634|HP:0001763|HP:0002616|HP:0002650|HP:0002705,easy
P_mass_105,MASS phenotype,HP:0000098|HP:0000767|HP:0000768|HP:0001382|HP:0001519|HP:0001634|HP:0001763|HP:0002650,easy
P_mass_106,MASS phenotype,HP:0001166|HP:0001382|HP:0001519|HP:0001634|HP:0002616|HP:0002705,easy
P_mass_107,MASS phenotype,HP:0000098|HP:0001065|HP:0001166|HP:0001519|HP:0001634|HP:0001763|HP:0002650|HP:0002705,easy
P_mass_108,MASS phenotype,HP:0000768|HP:0001065|HP:0001166|HP:0001519|HP:0001634|HP:0001653|HP:0002705,easy
P_mass_109,MASS phenotype,HP:0000098|HP:0000545|HP:0000767|HP:0000768|HP:0001382|HP:0001634|HP:0001653|HP:0001763|HP:0002616|HP:0002650,easy
P_mass_110,MASS phenotype,HP:0000545|HP:0001166|HP:0001634|HP:0001653|HP:0001763|HP:0002616|HP:0002650|HP:0002705,easy
P_mass_111,MASS phenotype,HP:0000098|HP:0000545|HP:0000768|HP:0001065|HP:0001166|HP:0001382|HP:0001634|HP:0002616,easy
P_mass_112,MASS phenotype,HP:0000098|HP:0000768|HP:0001065|HP:0001166|HP:0001634|HP:0001653|HP:0001763|HP:0002616|HP:0002650,easy
P_mass_113,MASS phenotype,HP:0001166|HP:0001634|HP:0001653|HP:0001763|HP:0002650|HP:0002705,easy
P_mass_114,MASS phenotype,HP:0000768|HP:0001065|HP:0001166|HP:0001519|HP:0001634|HP:0001653|HP:0001763|HP:0002650|HP:0002705,easy
P_mass_115,MASS phenotype,HP:0000098|HP:0000768|HP:0001065|HP:0001166|HP:0001519|HP:0001634|HP:0001763|HP:0002616,easy
P_mass_116,MASS phenotype,HP:0000098|HP:0000767|HP:0001166|HP:0001382|HP:0001519|HP:0001634|HP:0001653|HP:0001763|HP:0002616|HP:0002650,easy
P_mass_117,MASS phenotype,HP:0000098|HP:0001065|HP:0001166|HP:0001382|HP:0001519|HP:0001634|HP:0001653|HP:0001763,easy
P_mass_118,MASS phenotype,HP:0000098|HP:0000545|HP:0000768|HP:0001166|HP:0001382|HP:0001519|HP:0001634|HP:0001653|HP:0002705,easy
P_mass_119,MASS phenotype,HP:0000768|HP:0001065|HP:0001166|HP:0001634|HP:0001763|HP:0002616|HP:0002705,easy
P_mass_120,MASS phenotype,HP:0000098|HP:0000768|HP:0001065|HP:0001166|HP:0001382|HP:0001634|HP:0001763,easy
P_mass_121,MASS phenotype,HP:0000545|HP:0000767|HP:0001382|HP:0001634|HP:0001653|HP:0002616|HP:0002650,easy
P_mass_122,MASS phenotype,HP:0000098|HP:0000545|HP:0001065|HP:0001166|HP:0001382|HP:0001634|HP:0001653|HP:0001763|HP:0002616|HP:0002705,easy
P_mass_123,MASS phenotype,HP:0000098|HP:0000768|HP:0001065|HP:0001519|HP:0001634|HP:0001653|HP:0002705,easy
P_mass_124,MASS phenotype,HP:0000098|HP:0000545|HP:0000767|HP:0000768|HP:0001166|HP:0001382|HP:0001653|HP:0002616|HP:0002650,easy
P_mass_125,MASS phenotype,HP:0000767|HP:0001065|HP:0001166|HP:0001382|HP:0001519|HP:0001634|HP:0002616,easy
P_mass_126,MASS phenotype,HP:0000098|HP:0001065|HP:0001166|HP:0001519|HP:0001634|HP:0001653|HP:0001763|HP:0002616|HP:0002705,easy
P_mass_127,MASS phenotype,HP:0000098|HP:0000767|HP:0000768|HP:0001166|HP:0001382|HP:0001519|HP:0001634|HP:0001653|HP:0001763|HP:0002616,easy
P_mass_128,MASS phenotype,HP:0000098|HP:0000545|HP:0001065|HP:0001166|HP:0001382|HP:0001519|HP:0001634|HP:0002616|HP:0002650,easy
P_mass_129,MASS phenotype,HP:0000098|HP:0000545|HP:0000768|HP:0001065|HP:0001166|HP:0001382|HP:0001634|HP:0001653|HP:0001763|HP:0002650,easy
P_mass_130,MASS phenotype,HP:0000098|HP:0000768|HP:0001065|HP:0001166|HP:0001634|HP:0001653|HP:0001763|HP:0002616|HP:0002650,easy
P_mass_131,MASS phenotype,HP:0000098|HP:0000767|HP:0000768|HP:0001065|HP:0001166|HP:0001634|HP:0001653|HP:0001763|HP:0002705,easy
P_mass_132,MASS phenotype,HP:0000098|HP:0001065|HP:0001166|HP:0001634|HP:0001763|HP:0002650,easy
P_mass_133,MASS phenotype,HP:0000098|HP:0000767|HP:0001065|HP:0001166|HP:0001519|HP:0001634|HP:0002650,easy
P_mass_134,MASS phenotype,HP:0000768|HP:0001065|HP:0001519|HP:0001653|HP:0002650|HP:0002705,easy
P_mass_135,MASS phenotype,HP:0000098|HP:0000545|HP:0001065|HP:0001166|HP:0001382|HP:0001634|HP:0002616|HP:0002650,easy
P_mass_136,MASS phenotype,HP:0001065|HP:0001519|HP:0001634|HP:0001653|HP:0002616,easy
P_mass_137,MASS phenotype,HP:0000768|HP:0001166|HP:0001382|HP:0001519|HP:0001634|HP:0002616|HP:0002705,easy
P_mass_138,MASS phenotype,HP:0000098|HP:0000768|HP:0001166|HP:0001519|HP:0001634|HP:0001763|HP:0002616|HP:0002705,easy
P_mass_139,MASS phenotype,HP:0000098|HP:0000767|HP:0001166|HP:0001519|HP:0001634|HP:0001763|HP:0002616,easy
P_mass_140,MASS phenotype,HP:0000098|HP:0001166|HP:0001634|HP:0001653|HP:0001763|HP:0002650|HP:0002705,easy
P_mass_141,MASS phenotype,HP:0000098|HP:0000545|HP:0000768|HP:0001634|HP:0001653|HP:0001763|HP:0002650,easy
P_mass_142,MASS phenotype,HP:0001166|HP:0001634|HP:0001763,easy
P_mass_143,MASS phenotype,HP:0000098|HP:0001065|HP:0001166|HP:0001634|HP:0001763|HP:0002616|HP:0002705,easy
P_mass_144,MASS phenotype,HP:0000098|HP:0000545|HP:0000767|HP:0000768|HP:0001065|HP:0001519|HP:0001634|HP:0001653|HP:0002705,easy
P_mass_145,MASS phenotype,HP:0000098|HP:0001382|HP:0001519|HP:0001634|HP:0001653|HP:0001763,easy
P_mass_146,MASS phenotype,HP:0001065|HP:0001166|HP:0001382|HP:0001519|HP:0001634|HP:0001653|HP:0001763|HP:0002650,easy
P_mass_147,MASS phenotype,HP:0000545|HP:0000768|HP:0001065|HP:0001166|HP:0001519|HP:0001634|HP:0001653|HP:0002650|HP:0002705,easy
P_mass_148,MASS phenotype,HP:0000098|HP:0000545|HP:0000767|HP:0001065|HP:0001166|HP:0001519|HP:0001634|HP:0002616|HP:0002650,easy
P_mass_149,MASS phenotype,HP:0001065|HP:0001166|HP:0001519|HP:0001634|HP:0001653|HP:0001763,easy
P_mass_150,MASS phenotype,HP:0000545|HP:0000767|HP:0001166|HP:0001382|HP:0001634|HP:0001653|HP:0002616|HP:0002650,easy
P_mass_151,MASS phenotype,HP:0000098|HP:0000768|HP:0001166|HP:0001634|HP:0001653|HP:0001763|HP:0002616|HP:0002705,easy
P_mass_152,MASS phenotype,HP:0000545|HP:0000768|HP:0001166|HP:0001519|HP:0001634|HP:0001653|HP:0001763|HP:0002616,easy
P_mass_153,MASS phenotype,HP:0000098|HP:0001065|HP:0001519|HP:0001634|HP:0001653|HP:0002650,easy
P_mass_154,MASS phenotype,HP:0000098|HP:0000768|HP:0001166|HP:0001763|HP:0002616|HP:0002650|HP:0002705,easy
P_mass_155,MASS phenotype,HP:0000545|HP:0000767|HP:0001166|HP:0001519|HP:0001634|HP:0002616|HP:0002650|HP:0002705,easy
P_mass_156,MASS phenotype,HP:0001065|HP:0001382|HP:0001519|HP:0001634|HP:0001653|HP:0002616|HP:0002650,easy
P_mass_157,MASS phenotype,HP:0000098|HP:0000545|HP:0001166|HP:0001519|HP:0001634|HP:0001653|HP:0001763|HP:0002650|HP:0002705,easy
P_mass_158,MASS phenotype,HP:0000098|HP:0000545|HP:0000767|HP:0000768|HP:0001065|HP:0001519|HP:0001634|HP:0001763|HP:0002616,easy
P_mass_159,MASS phenotype,HP:0000098|HP:0000545|HP:0000768|HP:0001065|HP:0001166|HP:0001382|HP:0001519|HP:0001634|HP:0001653|HP:0002616|HP:0002705,easy
P_mass_160,MASS phenotype,HP:0000545|HP:0000768|HP:0001166|HP:0001519|HP:0001634|HP:0002616,easy
P_mass_161,MASS phenotype,HP:0000545|HP:0000767|HP:0000768|HP:0001166|HP:0001382|HP:0001519|HP:0001634|HP:0001653|HP:0002616,easy
P_mass_162,MASS phenotype,HP:0000098|HP:0000768|HP:0001166|HP:0001382|HP:0001519|HP:0001634|HP:0001763|HP:0002650,easy
P_mass_163,MASS phenotype,HP:0000098|HP:0000768|HP:0001065|HP:0001166|HP:0001634|HP:0002616|HP:0002705,easy
P_mass_164,MASS phenotype,HP:0000098|HP:0000767|HP:0000768|HP:0001065|HP:0001166|HP:0001382|HP:0001519|HP:0001634|HP:0001653|HP:0001763|HP:0002616|HP:0002650,hard
P_mass_165,MASS phenotype,HP:0000767|HP:0001065|HP:0001382|HP:0001519|HP:0001634|HP:0002616|HP:0002650|HP:0002705,easy
P_mass_166,MASS phenotype,HP:0000098|HP:0000767|HP:0001065|HP:0001166|HP:0001519|HP:0001634|HP:0001763|HP:0002616,easy
P_mass_167,MASS phenotype,HP:0000767|HP:0000768|HP:0001065|HP:0001166|HP:0001382|HP:0001763|HP:0002650,easy
P_mass_168,MASS phenotype,HP:0000098|HP:0000767|HP:0001065|HP:0001382|HP:0001634|HP:0001763|HP:0002616,easy
P_mass_169,MASS phenotype,HP:0000098|HP:0000545|HP:0001065|HP:0001166|HP:0001519|HP:0001634|HP:0001763|HP:0002616|HP:0002650|HP:0002705,hard
P_mass_170,MASS phenotype,HP:0000098|HP:0000545|HP:0000768|HP:0001065|HP:0001166|HP:0001519|HP:0001634|HP:0002616|HP:0002650|HP:0002705,easy
P_mass_171,MASS phenotype,HP:0000098|HP:0001166|HP:0001519|HP:0001634|HP:0001653|HP:0001763,easy
P_mass_172,MASS phenotype,HP:0000098|HP:0000545|HP:0001065|HP:0001382|HP:0001519|HP:0001634|HP:0001763|HP:0002705,easy
P_mass_173,MASS phenotype,HP:0000098|HP:0000545|HP:0000767|HP:0001065|HP:0001166|HP:0001382|HP:0001519|HP:0001634|HP:0001653|HP:0001763|HP:0002616,easy
P_mass_174,MASS phenotype,HP:0000098|HP:0000545|HP:0000768|HP:0001065|HP:0001166|HP:0001382|HP:0001634|HP:0001653|HP:0001763|HP:0002650|HP:0002705,easy
P_mass_175,MASS phenotype,HP:0000098|HP:0000545|HP:0000767|HP:0001166|HP:0001382|HP:0001634|HP:0002650|HP:0002705,easy
P_mass_176,MASS phenotype,HP:0000098|HP:0000545|HP:0001166|HP:0001382|HP:0001653|HP:0001763|HP:0002616|HP:0002650,easy
P_mass_177,MASS phenotype,HP:0000098|HP:0001166|HP:0001382|HP:0001519|HP:0002616|HP:0002650,easy
P_mass_178,MASS phenotype,HP:0000098|HP:0001065|HP:0001166|HP:0001634|HP:0001653|HP:0001763|HP:0002616|HP:0002650,easy
P_mass_179,MASS phenotype,HP:0000545|HP:0000767|HP:0001065|HP:0001166|HP:0001519|HP:0001634|HP:0001653|HP:0002616|HP:0002650,easy
P_mass_180,MASS phenotype,HP:0000545|HP:0000768|HP:0001166|HP:0001519|HP:0001634|HP:0001653|HP:0002616|HP:0002650|HP:0002705,easy
P_mass_181,MASS phenotype,HP:0000098|HP:0000545|HP:0001065|HP:0001382|HP:0001519|HP:0001634|HP:0001763|HP:0002616|HP:0002650,easy
P_mass_182,MASS phenotype,HP:0000098|HP:0000767|HP:0001065|HP:0001166|HP:0001382|HP:0001634|HP:0001653|HP:0002616|HP:0002650,easy
P_mass_183,MASS phenotype,HP:0000098|HP:0000545|HP:0001065|HP:0001166|HP:0001519|HP:0001634|HP:0001763|HP:0002705,easy
P_mass_184,MASS phenotype,HP:0000767|HP:0000768|HP:0001166|HP:0001634|HP:0002616,easy
P_mass_185,MASS phenotype,HP:0000098|HP:0001166|HP:0001519|HP:0001634|HP:0001653|HP:0002616|HP:0002650|HP:0002705,easy
P_mass_186,MASS phenotype,HP:0001519|HP:0001634|HP:0001653|HP:0001763,easy
P_mass_187,MASS phenotype,HP:0001166|HP:0001382|HP:0001519|HP:0001634|HP:0001653|HP:0002705,easy
P_mass_188,MASS phenotype,HP:0000098|HP:0000768|HP:0001065|HP:0001382|HP:0001634|HP:0001763|HP:0002616|HP:0002650,easy
P_mass_189,MASS phenotype,HP:0000768|HP:0001166|HP:0001382|HP:0001519|HP:0001634|HP:0001763|HP:0002705,easy
P_mass_190,MASS phenotype,HP:0000545|HP:0001166|HP:0001519|HP:0001634|HP:0001653|HP:0002705,easy
P_mass_191,MASS phenotype,HP:0000767|HP:0001065|HP:0001166|HP:0001519|HP:0001634|HP:0001653|HP:0001763|HP:0002616|HP:0002705,easy
P_mass_192,MASS phenotype,HP:0000098|HP:0000545|HP:0000767|HP:0001382|HP:0001519|HP:0001634|HP:0002616|HP:0002705,easy
P_mass_193,MASS phenotype,HP:0000098|HP:0000768|HP:0001065|HP:0001166|HP:0001382|HP:0001519|HP:0001634|HP:0001763|HP:0002616|HP:0002705,easy
P_mass_194,MASS phenotype,HP:0000098|HP:0001065|HP:0001382|HP:0001519|HP:0001634|HP:0002616|HP:0002650|HP:0002705,easy
P_mass_195,MASS phenotype,HP:0000098|HP:0001065|HP:0001166|HP:0001382|HP:0001519|HP:0001634|HP:0001653|HP:0002616,easy
P_mass_196,MASS phenotype,HP:0000098|HP:0000545|HP:0000767|HP:0001166|HP:0001519|HP:0001634|HP:0001653|HP:0001763|HP:0002616|HP:0002650|HP:0002705,hard
P_mass_197,MASS phenotype,HP:0000098|HP:0000545|HP:0000767|HP:0001166|HP:0001382|HP:0001634|HP:0001763|HP:0002616|HP:0002650|HP:0002705,easy
P_mass_198,MASS phenotype,HP:0000098|HP:0000767|HP:0001065|HP:0001166|HP:0001519|HP:0001634|HP:0001653|HP:0002616,easy
P_mass_199,MASS phenotype,HP:0000098|HP:0001065|HP:0001166|HP:0001382|HP:0001653|HP:0001763|HP:0002650|HP:0002705,easy
